surface;rooms_new;zipcode_new;price_new;latitude;longitude
138;4;1060;420000;40.8046725;-73.9634204
130;5;1087;550000;52.3555895;5.0005613
116;5;1061;425000;52.3730438;4.837568
92;5;1035;349511;52.4168952;4.9067666
127;4;1013;1050000;52.396789;4.8766067
250;6;1077;1995000;52.3435465;4.8738549
69;3;1017;549000;52.3641851;4.8907747
48;2;1025;179011;52.3996222;4.9369594
155;4;1095;749000;52.359026;4.9611967
123;4;1072;995000;52.3522009;4.8903141
84;3;1098;350000;52.3511236;4.9482332
103;4;1055;439000;52.3817073;4.8540225
203;9;1077;1295000;52.3435465;4.8738549
95;5;1098;500000;52.3511236;4.9482332
47;2;1079;300000;52.3421834;4.9067927
91;3;1087;300000;52.3555895;5.0005613
151;9;1071;1095000;52.3559882;4.8778762
81;2;1081;425000;52.3337697;4.8522405
156;5;1013;1250000;52.396789;4.8766067
65;3;1062;252500;52.3517216;4.8371533
194;5;1087;599000;52.3555895;5.0005613
105;5;1034;529500;52.4076495;4.9172724
111;4;1066;325000;52.3431932;4.817434
203;6;1025;650000;52.3996222;4.9369594
120;6;1060;400000;40.8046725;-73.9634204
118;5;1022;375000;40.8033203;-73.9639621
107;6;1103;310000;52.3234207;4.9728948
190;7;1086;790000;52.3617208;4.981714
140;6;1087;550000;52.3555895;5.0005613
137;5;1087;575000;52.3555895;5.0005613
196;7;1087;935000;52.3555895;5.0005613
190;7;1023;950000;52.3870802;4.9496855
173;6;1066;535000;52.3431932;4.817434
100;4;1028;450000;40.803583;-73.963863
236;6;1081;1195000;52.3337697;4.8522405
47;4;1012;475000;52.3733862;4.8940639
66;3;1024;200000;52.3934948;4.9558257
99;3;1095;425000;52.359026;4.9611967
70;3;1108;180000;52.3065615;4.9933607
63;2;1060;235000;40.8046725;-73.9634204
81;3;1069;225000;52.3576375;4.7901227
101;3;1032;600000;52.395149;4.9162053
121;3;1062;450000;52.3517216;4.8371533
242;6;1077;1575000;52.3435465;4.8738549
178;4;1018;795000;52.3683871;4.9180909
61;4;1051;400000;52.3797728;4.8686235
43;2;1021;210000;52.3834657;4.9173131
60;3;1019;310000;52.3728583;4.9388278
104;4;1087;419000;52.3555895;5.0005613
51;2;1051;300000;52.3797728;4.8686235
48;2;1055;295000;52.3817073;4.8540225
209;7;1053;1150000;52.3663937;4.8695863
58;2;1053;289000;52.3663937;4.8695863
100;4;1013;635000;52.396789;4.8766067
123;4;1072;700000;52.3522009;4.8903141
151;3;1011;895000;52.3729762;4.9039565
87;3;1095;429000;52.359026;4.9611967
138;3;1069;500000;52.3576375;4.7901227
124;5;1064;389000;52.3724594;4.8192201
71;2;1053;395000;52.3663937;4.8695863
113;4;1073;599000;52.351928;4.896904
185;7;1016;1395000;52.3711467;4.8837046
86;2;1012;600000;52.3733862;4.8940639
65;3;1060;225000;40.8046725;-73.9634204
144;5;1087;600000;52.3555895;5.0005613
300;4;1082;2500000;52.3314299;4.8766928
127;4;1077;975000;52.3435465;4.8738549
98;2;1016;575000;52.3711467;4.8837046
94;3;1069;319500;52.3576375;4.7901227
108;4;1033;300000;52.4095854;4.8868895
272;9;1077;2900000;52.3435465;4.8738549
110;6;1109;369000;52.3110148;5.0140928
374;6;1028;1500000;40.803583;-73.963863
200;6;1060;525000;40.8046725;-73.9634204
395;3;1071;3995000;52.3559882;4.8778762
81;4;1026;485000;52.3812323;4.9935529
92;4;1108;225000;52.3065615;4.9933607
82;3;1064;225000;52.3724594;4.8192201
116;4;1012;900000;52.3733862;4.8940639
94;4;1019;500000;52.3728583;4.9388278
51;4;1013;295000;52.396789;4.8766067
83;3;1068;285000;52.3624004;4.8042058
110;3;1069;320000;52.3576375;4.7901227
44;2;1091;239000;52.3565396;4.9143228
119;4;1056;600000;52.3732792;4.8544858
138;7;1066;399000;52.3431932;4.817434
94;4;1064;315000;52.3724594;4.8192201
59;3;1013;325000;52.396789;4.8766067
84;3;1073;550000;52.351928;4.896904
70;2;1011;450000;52.3729762;4.9039565
106;5;1082;445000;52.3314299;4.8766928
138;5;1079;749000;52.3421834;4.9067927
94;3;1015;600000;52.3790928;4.885109
148;6;1057;695000;52.3670713;4.8531117
106;3;1032;525000;52.395149;4.9162053
84;3;1096;539011;52.3363412;4.9190299
127;5;1081;587500;52.3337697;4.8522405
171;5;1060;515000;40.8046725;-73.9634204
169;6;1060;495000;40.8046725;-73.9634204
265;5;1081;2300000;52.3337697;4.8522405
463;9;1015;3450000;52.3790928;4.885109
74;3;1069;265000;52.3576375;4.7901227
105;4;1082;550000;52.3314299;4.8766928
72;4;1069;185000;52.3576375;4.7901227
100;4;1052;639000;52.3768523;4.87475
78;3;1060;249000;40.8046725;-73.9634204
71;3;1019;290000;52.3728583;4.9388278
70;2;1012;495000;52.3733862;4.8940639
110;4;1018;650000;52.3683871;4.9180909
108;4;1095;500000;52.359026;4.9611967
63;3;1017;475000;52.3641851;4.8907747
83;5;1109;325000;52.3110148;5.0140928
151;6;1081;585000;52.3337697;4.8522405
66;2;1094;275000;52.3636588;4.9355226
120;4;1061;399000;52.3730438;4.837568
156;3;1052;700000;52.3768523;4.87475
85;3;1019;400000;52.3728583;4.9388278
207;9;1098;885000;52.3511236;4.9482332
243;3;1082;2000000;52.3314299;4.8766928
164;4;1079;950000;52.3421834;4.9067927
140;3;1016;900000;52.3711467;4.8837046
156;4;1067;890000;52.3765795;4.7834602
187;5;1060;550000;40.8046725;-73.9634204
95;6;1106;265000;52.3007124;4.9740506
102;5;1067;330000;52.3765795;4.7834602
244;8;1081;995000;52.3337697;4.8522405
150;7;1052;1350000;52.3768523;4.87475
81;4;1062;275000;52.3517216;4.8371533
84;3;1068;200000;52.3624004;4.8042058
128;3;1075;1595000;52.3515641;4.856651
52;2;1013;250000;52.396789;4.8766067
146;4;1054;995000;52.3612327;4.8653587
199;4;1072;1500000;52.3522009;4.8903141
411;8;1016;3650000;52.3711467;4.8837046
181;7;1016;1399000;52.3711467;4.8837046
229;6;1108;950000;52.3065615;4.9933607
150;7;1052;1350000;52.3768523;4.87475
148;4;1023;995000;52.3870802;4.9496855
145;4;1024;550000;52.3934948;4.9558257
163;7;1025;795000;52.3996222;4.9369594
68;3;1098;350000;52.3511236;4.9482332
91;5;1064;275000;52.3724594;4.8192201
97;4;1016;650000;52.3711467;4.8837046
143;3;1016;770000;52.3711467;4.8837046
183;4;1091;1085000;52.3565396;4.9143228
162;3;1071;1150000;52.3559882;4.8778762
56;3;1055;225000;52.3817073;4.8540225
56;2;1056;300000;52.3732792;4.8544858
224;7;1077;1500000;52.3435465;4.8738549
100;3;1087;349000;52.3555895;5.0005613
86;2;1016;499500;52.3711467;4.8837046
135;4;1102;325000;52.3135175;4.9547795
84;5;1073;900000;52.351928;4.896904
319;1;1077;2000000;52.3435465;4.8738549
93;4;1033;365000;52.4095854;4.8868895
125;5;1063;425000;52.3815295;4.825779
113;4;1023;575000;52.3870802;4.9496855
166;7;1082;750000;52.3314299;4.8766928
398;8;1067;1250000;52.3765795;4.7834602
61;3;1055;300000;52.3817073;4.8540225
92;4;1052;550000;52.3768523;4.87475
144;5;1058;750000;52.3583805;4.8494046
75;4;1083;299000;52.3297611;4.888615
85;3;1094;425000;52.3636588;4.9355226
106;3;1013;700000;52.396789;4.8766067
53;2;1015;325000;52.3790928;4.885109
77;3;1082;299000;52.3314299;4.8766928
180;4;1094;1085000;52.3636588;4.9355226
71;3;1015;475000;52.3790928;4.885109
133;4;1078;800000;52.3441217;4.8922031
114;3;1057;625000;52.3670713;4.8531117
153;6;1058;990000;52.3583805;4.8494046
117;3;1019;635000;52.3728583;4.9388278
87;3;1074;510000;52.351518;4.90679
221;6;1071;2750000;52.3559882;4.8778762
207;5;1015;1290000;52.3790928;4.885109
50;1;1082;350000;52.3314299;4.8766928
104;5;1056;500000;52.3732792;4.8544858
53;3;1097;265000;52.3449297;4.9319025
87;2;1013;500000;52.396789;4.8766067
86;4;1052;500000;52.3768523;4.87475
56;2;1055;292500;52.3817073;4.8540225
106;3;1013;775000;52.396789;4.8766067
91;3;1078;500000;52.3441217;4.8922031
43;2;1063;165000;52.3815295;4.825779
167;3;1054;1075000;52.3612327;4.8653587
132;4;1071;975000;52.3559882;4.8778762
167;3;1015;1195000;52.3790928;4.885109
68;3;1055;325000;52.3817073;4.8540225
130;7;1075;1200000;52.3515641;4.856651
167;4;1015;1350000;52.3790928;4.885109
88;2;1017;875000;52.3641851;4.8907747
111;4;1017;815000;52.3641851;4.8907747
85;4;1012;525000;52.3733862;4.8940639
146;5;1016;795000;52.3711467;4.8837046
159;4;1065;745000;52.3560303;4.8296176
70;4;1079;385000;52.3421834;4.9067927
74;3;1015;499000;52.3790928;4.885109
85;4;1015;575000;52.3790928;4.885109
72;3;1017;500000;52.3641851;4.8907747
98;3;1016;700000;52.3711467;4.8837046
222;8;1077;1250000;52.3435465;4.8738549
126;6;1081;499000;52.3337697;4.8522405
180;6;1071;1650000;52.3559882;4.8778762
529;4;1079;4690000;52.3421834;4.9067927
110;3;1012;699000;52.3733862;4.8940639
181;4;1018;1140000;52.3683871;4.9180909
115;3;1015;885000;52.3790928;4.885109
82;4;1051;550000;52.3797728;4.8686235
388;5;1017;3249000;52.3641851;4.8907747
105;4;1087;400000;52.3555895;5.0005613
208;7;1086;685000;52.3617208;4.981714
147;4;1031;825000;52.3903988;4.9020632
99;4;1013;649000;52.396789;4.8766067
98;3;1073;649000;52.351928;4.896904
88;3;1078;499000;52.3441217;4.8922031
86;2;1082;650000;52.3314299;4.8766928
160;7;1034;500000;52.4076495;4.9172724
117;4;1087;425000;52.3555895;5.0005613
105;5;1106;239000;52.3007124;4.9740506
250;5;1098;1195000;52.3511236;4.9482332
70;3;1102;175000;52.3135175;4.9547795
62;3;1073;389000;52.351928;4.896904
139;5;1068;425000;52.3624004;4.8042058
155;4;1011;695000;52.3729762;4.9039565
108;4;1011;650000;52.3729762;4.9039565
182;8;1060;480000;40.8046725;-73.9634204
160;6;1078;785000;52.3441217;4.8922031
219;8;1074;995000;52.351518;4.90679
98;3;1035;450000;52.4168952;4.9067666
127;5;1106;299000;52.3007124;4.9740506
54;3;1057;319000;52.3670713;4.8531117
156;6;1086;525000;52.3617208;4.981714
153;3;1035;599000;52.4168952;4.9067666
31;1;1052;185000;52.3768523;4.87475
81;3;1068;219000;52.3624004;4.8042058
80;3;1068;275000;52.3624004;4.8042058
75;4;1058;425000;52.3583805;4.8494046
105;3;1019;475000;52.3728583;4.9388278
94;3;1087;349500;52.3555895;5.0005613
66;3;1082;275000;52.3314299;4.8766928
92;4;1095;450000;52.359026;4.9611967
95;3;1067;275000;52.3765795;4.7834602
170;7;1057;700000;52.3670713;4.8531117
97;3;1068;289500;52.3624004;4.8042058
78;3;1087;310000;52.3555895;5.0005613
101;3;1098;449000;52.3511236;4.9482332
33;1;1013;250000;52.396789;4.8766067
71;2;1082;300000;52.3314299;4.8766928
71;2;1082;350000;52.3314299;4.8766928
172;4;1025;750000;52.3996222;4.9369594
197;7;1096;1060000;52.3363412;4.9190299
199;6;1033;750000;52.4095854;4.8868895
113;5;1025;495000;52.3996222;4.9369594
152;5;1071;995000;52.3559882;4.8778762
155;5;1078;899000;52.3441217;4.8922031
75;4;1061;350000;52.3730438;4.837568
75;4;1061;390000;52.3730438;4.837568
83;4;1024;235000;52.3934948;4.9558257
100;4;1024;250000;52.3934948;4.9558257
70;3;1019;299500;52.3728583;4.9388278
100;4;1024;250000;52.3934948;4.9558257
60;3;1061;250000;52.3730438;4.837568
114;3;1069;335000;52.3576375;4.7901227
28;1;1052;199000;52.3768523;4.87475
73;2;1091;550000;52.3565396;4.9143228
60;2;1025;185000;52.3996222;4.9369594
89;3;1033;289000;52.4095854;4.8868895
80;3;1034;225000;52.4076495;4.9172724
82;3;1024;275000;52.3934948;4.9558257
84;4;1024;199000;52.3934948;4.9558257
104;3;1015;875000;52.3790928;4.885109
180;3;1082;1500000;52.3314299;4.8766928
84;4;1025;200000;52.3996222;4.9369594
82;3;1025;225000;52.3996222;4.9369594
58;3;1061;255000;52.3730438;4.837568
145;5;1060;395000;40.8046725;-73.9634204
136;5;1064;385000;52.3724594;4.8192201
238;7;1035;975000;52.4168952;4.9067666
156;4;1016;995000;52.3711467;4.8837046
156;4;1016;899000;52.3711467;4.8837046
158;7;1102;385000;52.3135175;4.9547795
84;3;1024;200000;52.3934948;4.9558257
130;4;1052;699000;52.3768523;4.87475
72;4;1098;425000;52.3511236;4.9482332
70;3;1055;375000;52.3817073;4.8540225
52;3;1059;325000;52.3460212;4.8461017
95;4;1035;225000;52.4168952;4.9067666
149;5;1078;800000;52.3441217;4.8922031
108;3;1019;499000;52.3728583;4.9388278
104;3;1013;750000;52.396789;4.8766067
239;4;1013;1725000;52.396789;4.8766067
72;3;1075;449000;52.3515641;4.856651
109;5;1086;399000;52.3617208;4.981714
158;6;1087;625000;52.3555895;5.0005613
38;2;1018;210000;52.3683871;4.9180909
71;3;1068;249000;52.3624004;4.8042058
690;9;1017;5735000;52.3641851;4.8907747
152;3;1017;1200000;52.3641851;4.8907747
226;6;1086;1020000;52.3617208;4.981714
165;5;1069;660000;52.3576375;4.7901227
169;6;1081;599000;52.3337697;4.8522405
70;3;1059;425000;52.3460212;4.8461017
60;3;1011;435000;52.3729762;4.9039565
148;5;1019;699000;52.3728583;4.9388278
158;6;1087;675000;52.3555895;5.0005613
339;9;1016;3250000;52.3711467;4.8837046
102;3;1078;595000;52.3441217;4.8922031
83;3;1015;575000;52.3790928;4.885109
137;5;1075;1150000;52.3515641;4.856651
292;8;1069;1695000;52.3576375;4.7901227
80;3;1017;450000;52.3641851;4.8907747
91;4;1098;550000;52.3511236;4.9482332
65;3;1078;335000;52.3441217;4.8922031
115;3;1054;700000;52.3612327;4.8653587
139;4;1011;745000;52.3729762;4.9039565
132;4;1016;825000;52.3711467;4.8837046
168;6;1060;490000;40.8046725;-73.9634204
31;2;1053;215000;52.3663937;4.8695863
52;2;1054;375000;52.3612327;4.8653587
63;2;1013;380000;52.396789;4.8766067
78;4;1063;265000;52.3815295;4.825779
128;5;1060;449000;40.8046725;-73.9634204
98;4;1035;290000;52.4168952;4.9067666
125;4;1033;425000;52.4095854;4.8868895
92;3;1035;295000;52.4168952;4.9067666
239;8;1068;1450000;52.3624004;4.8042058
109;5;1069;342500;52.3576375;4.7901227
68;2;1082;159000;52.3314299;4.8766928
56;2;1056;280000;52.3732792;4.8544858
98;3;1079;549500;52.3421834;4.9067927
43;2;1053;299000;52.3663937;4.8695863
72;4;1024;240000;52.3934948;4.9558257
105;5;1079;575000;52.3421834;4.9067927
90;3;1093;375000;52.3612861;4.9284541
115;4;1098;440000;52.3511236;4.9482332
64;4;1055;275000;52.3817073;4.8540225
210;6;1077;1695000;52.3435465;4.8738549
123;4;1079;775000;52.3421834;4.9067927
35;1;1013;200000;52.396789;4.8766067
38;2;1012;299000;52.3733862;4.8940639
170;4;1068;525000;52.3624004;4.8042058
76;3;1095;275000;52.359026;4.9611967
96;3;1092;525000;52.358913;4.9213875
62;3;1015;350000;52.3790928;4.885109
68;3;1017;390000;52.3641851;4.8907747
41;2;1051;265000;52.3797728;4.8686235
79;3;1071;749000;52.3559882;4.8778762
75;3;1021;310000;52.3834657;4.9173131
255;5;1081;1295000;52.3337697;4.8522405
69;3;1056;295000;52.3732792;4.8544858
95;3;1013;865000;52.396789;4.8766067
148;4;1081;925000;52.3337697;4.8522405
85;3;1032;395000;52.395149;4.9162053
94;3;1013;850000;52.396789;4.8766067
173;4;1082;950000;52.3314299;4.8766928
196;5;1013;1125000;52.396789;4.8766067
113;2;1059;647500;52.3460212;4.8461017
142;3;1018;985000;52.3683871;4.9180909
125;3;1054;895000;52.3612327;4.8653587
119;3;1075;1080000;52.3515641;4.856651
124;4;1096;895000;52.3363412;4.9190299
56;4;1059;325000;52.3460212;4.8461017
90;3;1056;435000;52.3732792;4.8544858
208;4;1082;1600000;52.3314299;4.8766928
80;4;1055;375000;52.3817073;4.8540225
59;2;1068;217500;52.3624004;4.8042058
59;2;1102;150000;52.3135175;4.9547795
335;4;1017;4000000;52.3641851;4.8907747
29;1;1074;280000;52.351518;4.90679
381;5;1082;3800000;52.3314299;4.8766928
35;2;1092;225000;52.358913;4.9213875
92;3;1095;425000;52.359026;4.9611967
105;5;1087;500000;52.3555895;5.0005613
87;5;1023;325000;52.3870802;4.9496855
162;5;1060;475000;40.8046725;-73.9634204
454;9;1071;5200000;52.3559882;4.8778762
163;5;1081;650000;52.3337697;4.8522405
93;6;1015;745000;52.3790928;4.885109
103;5;1107;275000;52.2912462;4.9773243
152;5;1096;400000;52.3363412;4.9190299
194;4;1082;1700000;52.3314299;4.8766928
204;0;1016;1375000;52.3711467;4.8837046
218;6;1064;947500;52.3724594;4.8192201
152;8;1017;1100000;52.3641851;4.8907747
160;7;1082;759000;52.3314299;4.8766928
125;4;1069;395000;52.3576375;4.7901227
109;4;1106;260000;52.3007124;4.9740506
315;8;1058;2400000;52.3583805;4.8494046
141;5;1060;375000;40.8046725;-73.9634204
232;6;1016;1950000;52.3711467;4.8837046
494;3;1075;4850000;52.3515641;4.856651
228;8;1015;1950000;52.3790928;4.885109
283;6;1109;925000;52.3110148;5.0140928
197;4;1082;1500000;52.3314299;4.8766928
69;3;1092;350000;52.358913;4.9213875
94;5;1072;600000;52.3522009;4.8903141
107;4;1076;585000;52.3440889;4.860684
64;3;1106;185000;52.3007124;4.9740506
140;4;1018;750000;52.3683871;4.9180909
140;4;1018;720000;52.3683871;4.9180909
71;3;1069;185000;52.3576375;4.7901227
97;3;1055;395000;52.3817073;4.8540225
137;3;1011;749000;52.3729762;4.9039565
85;3;1087;295000;52.3555895;5.0005613
153;3;1035;625000;52.4168952;4.9067666
121;3;1061;450000;52.3730438;4.837568
49;2;1056;295000;52.3732792;4.8544858
144;6;1079;835000;52.3421834;4.9067927
162;5;1095;730000;52.359026;4.9611967
117;3;1082;939000;52.3314299;4.8766928
92;4;1059;525000;52.3460212;4.8461017
167;5;1016;1125000;52.3711467;4.8837046
142;4;1068;450000;52.3624004;4.8042058
87;4;1091;340000;52.3565396;4.9143228
78;3;1015;675000;52.3790928;4.885109
143;4;1016;899000;52.3711467;4.8837046
58;2;1075;695000;52.3515641;4.856651
58;3;1055;275000;52.3817073;4.8540225
98;3;1017;695000;52.3641851;4.8907747
200;1;1079;895000;52.3421834;4.9067927
55;4;1059;365000;52.3460212;4.8461017
121;4;1052;899000;52.3768523;4.87475
94;4;1093;440000;52.3612861;4.9284541
70;3;1104;175000;52.3164474;4.9802023
104;4;1016;465000;52.3711467;4.8837046
88;4;1079;400000;52.3421834;4.9067927
167;6;1071;1295000;52.3559882;4.8778762
149;4;1083;670000;52.3297611;4.888615
259;6;1011;2490000;52.3729762;4.9039565
63;3;1072;389000;52.3522009;4.8903141
167;5;1059;795000;52.3460212;4.8461017
59;3;1074;425000;52.351518;4.90679
171;5;1017;1105000;52.3641851;4.8907747
294;9;1075;2500000;52.3515641;4.856651
138;3;1077;925000;52.3435465;4.8738549
176;4;1077;1560000;52.3435465;4.8738549
81;3;1015;600000;52.3790928;4.885109
102;3;1012;625000;52.3733862;4.8940639
163;5;1079;925000;52.3421834;4.9067927
130;3;1013;675000;52.396789;4.8766067
114;4;1098;575000;52.3511236;4.9482332
51;2;1011;390000;52.3729762;4.9039565
165;4;1078;950000;52.3441217;4.8922031
55;4;1055;269000;52.3817073;4.8540225
140;3;1016;1000000;52.3711467;4.8837046
110;2;1103;215000;52.3234207;4.9728948
87;3;1019;425000;52.3728583;4.9388278
105;3;1019;500000;52.3728583;4.9388278
142;5;1064;389500;52.3724594;4.8192201
124;5;1035;345000;52.4168952;4.9067666
264;3;1017;1995000;52.3641851;4.8907747
120;4;1026;832500;52.3812323;4.9935529
140;5;1060;417500;40.8046725;-73.9634204
96;3;1035;450000;52.4168952;4.9067666
105;5;1106;300000;52.3007124;4.9740506
509;1;1017;3700000;52.3641851;4.8907747
118;6;1098;798000;52.3511236;4.9482332
213;9;1018;900000;52.3683871;4.9180909
181;7;1059;875000;52.3460212;4.8461017
228;5;1017;1800000;52.3641851;4.8907747
360;8;1066;1345000;52.3431932;4.817434
273;9;1015;2499000;52.3790928;4.885109
313;9;1016;2100000;52.3711467;4.8837046
131;5;1034;450000;52.4076495;4.9172724
62;3;1053;350000;52.3663937;4.8695863
84;3;1091;340000;52.3565396;4.9143228
99;4;1069;299000;52.3576375;4.7901227
34;2;1051;215000;52.3797728;4.8686235
154;4;1087;750000;52.3555895;5.0005613
71;4;1059;425000;52.3460212;4.8461017
99;4;1052;575000;52.3768523;4.87475
51;2;1073;325000;52.351928;4.896904
117;4;1077;700000;52.3435465;4.8738549
105;5;1071;600000;52.3559882;4.8778762
105;5;1051;495000;52.3797728;4.8686235
64;3;1024;215000;52.3934948;4.9558257
65;3;1074;399000;52.351518;4.90679
65;3;1074;449000;52.351518;4.90679
52;3;1078;325000;52.3441217;4.8922031
124;4;1077;998000;52.3435465;4.8738549
84;3;1016;735000;52.3711467;4.8837046
87;4;1058;449000;52.3583805;4.8494046
76;3;1034;199000;52.4076495;4.9172724
96;3;1069;275000;52.3576375;4.7901227
92;4;1078;499000;52.3441217;4.8922031
216;4;1091;1895000;52.3565396;4.9143228
121;3;1051;575000;52.3797728;4.8686235
56;1;1051;290000;52.3797728;4.8686235
192;5;1072;1250000;52.3522009;4.8903141
118;3;1074;749000;52.351518;4.90679
211;6;1017;1600000;52.3641851;4.8907747
70;3;1074;425000;52.351518;4.90679
105;4;1059;699000;52.3460212;4.8461017
352;9;1071;1975000;52.3559882;4.8778762
94;2;1016;575000;52.3711467;4.8837046
109;2;1016;649000;52.3711467;4.8837046
81;3;1082;470000;52.3314299;4.8766928
36;2;1066;165000;52.3431932;4.817434
133;5;1097;850000;52.3449297;4.9319025
167;4;1054;1379000;52.3612327;4.8653587
132;4;1058;725000;52.3583805;4.8494046
106;3;1082;800000;52.3314299;4.8766928
93;3;1052;475000;52.3768523;4.87475
72;3;1104;185000;52.3164474;4.9802023
138;4;1016;729000;52.3711467;4.8837046
175;4;1073;850000;52.351928;4.896904
97;3;1087;349000;52.3555895;5.0005613
75;3;1015;450000;52.3790928;4.885109
224;5;1054;1850000;52.3612327;4.8653587
126;3;1087;349000;52.3555895;5.0005613
103;4;1034;289000;52.4076495;4.9172724
67;3;1055;300000;52.3817073;4.8540225
75;4;1013;699000;52.396789;4.8766067
110;4;1066;350000;52.3431932;4.817434
405;4;1075;1850000;52.3515641;4.856651
298;6;1081;2298000;52.3337697;4.8522405
128;9;1012;840000;52.3733862;4.8940639
241;7;1067;1150000;52.3765795;4.7834602
377;7;1075;3750000;52.3515641;4.856651
336;0;1015;2700000;52.3790928;4.885109
215;7;1083;1850000;52.3297611;4.888615
155;5;1109;598500;52.3110148;5.0140928
363;9;1054;4500000;52.3612327;4.8653587
104;3;1015;735000;52.3790928;4.885109
60;3;1069;167500;52.3576375;4.7901227
91;3;1087;325000;52.3555895;5.0005613
28;1;1096;175000;52.3363412;4.9190299
164;4;1098;1245000;52.3511236;4.9482332
198;5;1017;1295000;52.3641851;4.8907747
146;6;1098;925000;52.3511236;4.9482332
100;3;1019;470000;52.3728583;4.9388278
141;5;1011;1000000;52.3729762;4.9039565
88;3;1076;450000;52.3440889;4.860684
187;6;1077;1475000;52.3435465;4.8738549
267;7;1011;1425000;52.3729762;4.9039565
35;2;1066;165000;52.3431932;4.817434
55;3;1098;340000;52.3511236;4.9482332
77;3;1068;264850;52.3624004;4.8042058
51;3;1056;295000;52.3732792;4.8544858
147;5;1015;1050000;52.3790928;4.885109
297;9;1017;1890000;52.3641851;4.8907747
134;3;1082;780000;52.3314299;4.8766928
228;8;1071;1499000;52.3559882;4.8778762
241;6;1016;1690000;52.3711467;4.8837046
109;4;1098;549500;52.3511236;4.9482332
160;4;1017;1225000;52.3641851;4.8907747
160;4;1104;430000;52.3164474;4.9802023
99;5;1083;815000;52.3297611;4.888615
138;4;1060;379000;40.8046725;-73.9634204
390;7;1071;4250000;52.3559882;4.8778762
40;2;1059;239511;52.3460212;4.8461017
50;2;1092;270000;52.358913;4.9213875
51;2;1054;365000;52.3612327;4.8653587
65;2;1055;285000;52.3817073;4.8540225
57;3;1034;200000;52.4076495;4.9172724
120;4;1077;825000;52.3435465;4.8738549
202;6;1016;1650000;52.3711467;4.8837046
128;3;1016;800000;52.3711467;4.8837046
62;2;1034;240000;52.4076495;4.9172724
110;3;1012;665000;52.3733862;4.8940639
251;8;1071;1780000;52.3559882;4.8778762
535;8;1017;3250000;52.3641851;4.8907747
150;5;1013;1150000;52.396789;4.8766067
105;3;1011;574000;52.3729762;4.9039565
110;2;1011;474000;52.3729762;4.9039565
174;3;1017;1044000;52.3641851;4.8907747
184;4;1060;545000;40.8046725;-73.9634204
535;8;1017;3250000;52.3641851;4.8907747
122;4;1077;1045000;52.3435465;4.8738549
341;7;1082;2925000;52.3314299;4.8766928
33;2;1082;250000;52.3314299;4.8766928
167;6;1086;384000;52.3617208;4.981714
80;3;1035;225000;52.4168952;4.9067666
99;4;1066;315000;52.3431932;4.817434
110;5;1066;350000;52.3431932;4.817434
133;6;1103;335000;52.3234207;4.9728948
108;5;1106;249500;52.3007124;4.9740506
82;5;1023;300000;52.3870802;4.9496855
127;5;1103;315000;52.3234207;4.9728948
275;9;1016;1750000;52.3711467;4.8837046
107;4;1012;1195000;52.3733862;4.8940639
156;5;1067;500000;52.3765795;4.7834602
337;1;1069;1495000;52.3576375;4.7901227
28;1;1096;210000;52.3363412;4.9190299
42;2;1074;257500;52.351518;4.90679
123;4;1079;725000;52.3421834;4.9067927
88;3;1025;219000;52.3996222;4.9369594
90;4;1079;475000;52.3421834;4.9067927
80;4;1078;425000;52.3441217;4.8922031
100;3;1012;550000;52.3733862;4.8940639
100;3;1015;949000;52.3790928;4.885109
75;3;1092;400000;52.358913;4.9213875
55;2;1072;375000;52.3522009;4.8903141
149;4;1091;1350000;52.3565396;4.9143228
45;3;1055;262500;52.3817073;4.8540225
113;3;1056;524900;52.3732792;4.8544858
145;4;1014;890208;52.3923045;4.8558842
145;4;1014;909991;52.3923045;4.8558842
90;3;1011;449000;52.3729762;4.9039565
86;3;1013;639000;52.396789;4.8766067
238;6;1014;1028685;52.3923045;4.8558842
61;3;1073;340000;52.351928;4.896904
79;3;1016;845000;52.3711467;4.8837046
55;4;1055;325000;52.3817073;4.8540225
185;5;1091;1700000;52.3565396;4.9143228
53;2;1091;480000;52.3565396;4.9143228
211;7;1014;1165864;52.3923045;4.8558842
53;3;1078;349500;52.3441217;4.8922031
109;3;1051;650000;52.3797728;4.8686235
93;4;1013;425000;52.396789;4.8766067
103;3;1017;739000;52.3641851;4.8907747
30;1;1063;145000;52.3815295;4.825779
46;1;1082;400000;52.3314299;4.8766928
191;3;1061;689000;52.3730438;4.837568
104;3;1072;649500;52.3522009;4.8903141
121;3;1075;1125000;52.3515641;4.856651
105;2;1071;895000;52.3559882;4.8778762
82;3;1022;420000;40.8033203;-73.9639621
43;2;1072;290000;52.3522009;4.8903141
111;4;1066;450000;52.3431932;4.817434
81;3;1035;265000;52.4168952;4.9067666
137;4;1098;600000;52.3511236;4.9482332
132;6;1087;485000;52.3555895;5.0005613
131;6;1023;625000;52.3870802;4.9496855
169;5;1086;700000;52.3617208;4.981714
151;6;1087;569000;52.3555895;5.0005613
164;4;1015;1050000;52.3790928;4.885109
236;0;1086;985000;52.3617208;4.981714
24;1;1052;180000;52.3768523;4.87475
90;3;1053;575000;52.3663937;4.8695863
63;3;1109;200000;52.3110148;5.0140928
61;3;1093;300000;52.3612861;4.9284541
110;5;1106;249500;52.3007124;4.9740506
92;3;1095;465000;52.359026;4.9611967
143;5;1060;399500;40.8046725;-73.9634204
110;5;1015;750000;52.3790928;4.885109
54;2;1071;315000;52.3559882;4.8778762
84;3;1093;400000;52.3612861;4.9284541
135;4;1032;685000;52.395149;4.9162053
88;3;1023;500000;52.3870802;4.9496855
54;2;1092;339000;52.358913;4.9213875
92;4;1031;375000;52.3903988;4.9020632
91;3;1087;350000;52.3555895;5.0005613
82;3;1055;345000;52.3817073;4.8540225
87;3;1095;389000;52.359026;4.9611967
88;3;1069;250000;52.3576375;4.7901227
114;4;1091;1025000;52.3565396;4.9143228
36;2;1094;200000;52.3636588;4.9355226
50;3;1094;280000;52.3636588;4.9355226
47;2;1095;225000;52.359026;4.9611967
66;2;1018;400000;52.3683871;4.9180909
96;3;1077;575000;52.3435465;4.8738549
214;4;1073;975000;52.351928;4.896904
83;5;1076;549000;52.3440889;4.860684
102;3;1087;390000;52.3555895;5.0005613
55;3;1091;335000;52.3565396;4.9143228
80;3;1068;175000;52.3624004;4.8042058
101;4;1092;529000;52.358913;4.9213875
89;3;1061;365000;52.3730438;4.837568
291;3;1071;2350000;52.3559882;4.8778762
126;2;1109;430000;52.3110148;5.0140928
56;3;1094;325000;52.3636588;4.9355226
402;2;1017;4100000;52.3641851;4.8907747
275;6;1035;898000;52.4168952;4.9067666
158;7;1026;1195000;52.3812323;4.9935529
172;7;1075;1695000;52.3515641;4.856651
71;3;1102;175000;52.3135175;4.9547795
125;5;1093;664000;52.3612861;4.9284541
102;3;1011;950000;52.3729762;4.9039565
75;3;1106;175000;52.3007124;4.9740506
68;3;1106;185000;52.3007124;4.9740506
111;3;1064;415000;52.3724594;4.8192201
130;4;1078;825000;52.3441217;4.8922031
31;2;1052;215000;52.3768523;4.87475
55;2;1056;275000;52.3732792;4.8544858
41;2;1053;225000;52.3663937;4.8695863
69;3;1074;375000;52.351518;4.90679
93;4;1069;200000;52.3576375;4.7901227
80;4;1058;400000;52.3583805;4.8494046
81;3;1106;200000;52.3007124;4.9740506
60;2;1079;375000;52.3421834;4.9067927
130;5;1078;775000;52.3441217;4.8922031
73;3;1073;437500;52.351928;4.896904
59;3;1077;359000;52.3435465;4.8738549
93;3;1054;675000;52.3612327;4.8653587
67;3;1054;425000;52.3612327;4.8653587
112;3;1017;700000;52.3641851;4.8907747
92;4;1013;550000;52.396789;4.8766067
100;4;1097;575000;52.3449297;4.9319025
38;2;1013;225000;52.396789;4.8766067
52;2;1017;425000;52.3641851;4.8907747
93;3;1019;445000;52.3728583;4.9388278
75;3;1013;350000;52.396789;4.8766067
39;1;1095;225000;52.359026;4.9611967
53;2;1072;350000;52.3522009;4.8903141
134;5;1032;599000;52.395149;4.9162053
112;3;1017;800000;52.3641851;4.8907747
96;4;1025;299750;52.3996222;4.9369594
31;1;1055;165000;52.3817073;4.8540225
53;2;1075;340000;52.3515641;4.856651
210;5;1091;1700000;52.3565396;4.9143228
193;4;1071;1750000;52.3559882;4.8778762
77;2;1011;475000;52.3729762;4.9039565
48;2;1012;350000;52.3733862;4.8940639
160;2;1087;649500;52.3555895;5.0005613
221;6;1016;2121500;52.3711467;4.8837046
149;6;1095;649000;52.359026;4.9611967
50;2;1012;399000;52.3733862;4.8940639
268;7;1071;2500000;52.3559882;4.8778762
99;3;1019;595000;52.3728583;4.9388278
125;6;1095;560000;52.359026;4.9611967
125;4;1062;464026;52.3517216;4.8371533
117;4;1071;825000;52.3559882;4.8778762
216;5;1017;1500000;52.3641851;4.8907747
118;5;1015;750000;52.3790928;4.885109
58;3;1055;279000;52.3817073;4.8540225
107;5;1072;725000;52.3522009;4.8903141
140;4;1015;1185000;52.3790928;4.885109
78;2;1082;375000;52.3314299;4.8766928
73;3;1053;469000;52.3663937;4.8695863
56;2;1012;419000;52.3733862;4.8940639
365;0;1077;4400000;52.3435465;4.8738549
95;5;1068;299000;52.3624004;4.8042058
95;4;1035;300000;52.4168952;4.9067666
230;7;1087;750000;52.3555895;5.0005613
113;4;1014;545995;52.3923045;4.8558842
167;5;1026;800000;52.3812323;4.9935529
119;4;1087;475000;52.3555895;5.0005613
117;5;1025;450000;52.3996222;4.9369594
102;4;1069;325000;52.3576375;4.7901227
163;6;1087;689000;52.3555895;5.0005613
169;5;1087;575000;52.3555895;5.0005613
164;4;1095;745635;52.359026;4.9611967
132;5;1069;339000;52.3576375;4.7901227
92;5;1067;339000;52.3765795;4.7834602
84;3;1060;325000;40.8046725;-73.9634204
90;4;1064;399000;52.3724594;4.8192201
118;6;1082;625000;52.3314299;4.8766928
80;5;1011;550000;52.3729762;4.9039565
101;4;1035;275000;52.4168952;4.9067666
148;7;1015;925000;52.3790928;4.885109
384;2;1012;2550000;52.3733862;4.8940639
150;5;1087;659000;52.3555895;5.0005613
210;7;1066;829000;52.3431932;4.817434
117;4;1106;269500;52.3007124;4.9740506
100;4;1104;265000;52.3164474;4.9802023
507;2;1071;3695000;52.3559882;4.8778762
197;6;1066;750000;52.3431932;4.817434
125;5;1067;695000;52.3765795;4.7834602
220;8;1012;1400000;52.3733862;4.8940639
151;5;1069;435000;52.3576375;4.7901227
84;4;1025;349000;52.3996222;4.9369594
141;6;1060;405000;40.8046725;-73.9634204
66;2;1060;235000;40.8046725;-73.9634204
83;3;1054;425000;52.3612327;4.8653587
57;2;1013;300000;52.396789;4.8766067
84;3;1087;295000;52.3555895;5.0005613
60;3;1091;375000;52.3565396;4.9143228
46;3;1072;300000;52.3522009;4.8903141
61;2;1052;375000;52.3768523;4.87475
45;2;1015;265000;52.3790928;4.885109
56;3;1059;275000;52.3460212;4.8461017
69;3;1064;225000;52.3724594;4.8192201
76;3;1033;225000;52.4095854;4.8868895
62;2;1034;175000;52.4076495;4.9172724
96;4;1025;290000;52.3996222;4.9369594
42;2;1015;299000;52.3790928;4.885109
44;2;1057;225000;52.3670713;4.8531117
80;3;1066;275000;52.3431932;4.817434
55;2;1057;325000;52.3670713;4.8531117
111;6;1061;450000;52.3730438;4.837568
68;3;1060;225000;40.8046725;-73.9634204
58;3;1056;299000;52.3732792;4.8544858
44;2;1052;225000;52.3768523;4.87475
97;4;1019;535000;52.3728583;4.9388278
93;3;1087;335000;52.3555895;5.0005613
94;5;1057;515000;52.3670713;4.8531117
49;2;1097;275000;52.3449297;4.9319025
88;3;1034;300000;52.4076495;4.9172724
66;2;1011;395000;52.3729762;4.9039565
100;3;1069;250000;52.3576375;4.7901227
124;4;1062;475000;52.3517216;4.8371533
75;3;1018;400000;52.3683871;4.9180909
97;3;1061;325000;52.3730438;4.837568
72;3;1068;225000;52.3624004;4.8042058
50;3;1031;225000;52.3903988;4.9020632
93;4;1069;215000;52.3576375;4.7901227
82;4;1094;450000;52.3636588;4.9355226
88;3;1053;475000;52.3663937;4.8695863
104;3;1062;400000;52.3517216;4.8371533
40;2;1094;265000;52.3636588;4.9355226
134;4;1066;439000;52.3431932;4.817434
58;3;1094;325000;52.3636588;4.9355226
88;3;1022;300000;40.8033203;-73.9639621
108;4;1094;575000;52.3636588;4.9355226
126;3;1013;850000;52.396789;4.8766067
62;3;1033;200000;52.4095854;4.8868895
48;2;1053;300000;52.3663937;4.8695863
162;5;1012;1085000;52.3733862;4.8940639
114;4;1082;625000;52.3314299;4.8766928
79;3;1076;390000;52.3440889;4.860684
77;2;1016;399000;52.3711467;4.8837046
60;3;1053;435000;52.3663937;4.8695863
63;4;1072;400000;52.3522009;4.8903141
41;3;1051;239000;52.3797728;4.8686235
165;6;1012;749000;52.3733862;4.8940639
73;3;1034;220000;52.4076495;4.9172724
53;3;1072;367500;52.3522009;4.8903141
127;4;1054;899000;52.3612327;4.8653587
55;3;1079;315000;52.3421834;4.9067927
58;3;1012;461840;52.3733862;4.8940639
71;4;1082;349000;52.3314299;4.8766928
64;3;1078;395000;52.3441217;4.8922031
53;3;1018;350000;52.3683871;4.9180909
105;4;1082;500000;52.3314299;4.8766928
68;3;1058;400000;52.3583805;4.8494046
77;3;1012;447500;52.3733862;4.8940639
122;4;1011;950000;52.3729762;4.9039565
50;2;1012;400000;52.3733862;4.8940639
50;2;1053;350000;52.3663937;4.8695863
119;4;1097;625000;52.3449297;4.9319025
80;3;1094;325000;52.3636588;4.9355226
54;2;1074;325000;52.351518;4.90679
215;6;1017;1195000;52.3641851;4.8907747
137;3;1012;715000;52.3733862;4.8940639
92;4;1013;400000;52.396789;4.8766067
90;3;1056;475000;52.3732792;4.8544858
78;3;1055;450000;52.3817073;4.8540225
131;3;1016;930000;52.3711467;4.8837046
105;3;1075;699000;52.3515641;4.856651
49;2;1095;250000;52.359026;4.9611967
51;1;1061;240000;52.3730438;4.837568
68;4;1069;195000;52.3576375;4.7901227
130;4;1056;585000;52.3732792;4.8544858
125;4;1077;805000;52.3435465;4.8738549
85;3;1091;350000;52.3565396;4.9143228
193;5;1017;1100000;52.3641851;4.8907747
113;4;1011;800000;52.3729762;4.9039565
64;2;1095;280000;52.359026;4.9611967
30;2;1097;225000;52.3449297;4.9319025
136;3;1016;900000;52.3711467;4.8837046
120;5;1069;435000;52.3576375;4.7901227
176;5;1018;1090000;52.3683871;4.9180909
87;3;1018;435000;52.3683871;4.9180909
122;5;1056;595000;52.3732792;4.8544858
143;3;1016;999000;52.3711467;4.8837046
125;6;1063;375000;52.3815295;4.825779
100;3;1013;675000;52.396789;4.8766067
159;6;1071;1285000;52.3559882;4.8778762
105;5;1012;625000;52.3733862;4.8940639
95;3;1068;270000;52.3624004;4.8042058
100;5;1083;469000;52.3297611;4.888615
85;3;1056;550000;52.3732792;4.8544858
123;6;1011;899000;52.3729762;4.9039565
130;4;1011;900000;52.3729762;4.9039565
141;5;1060;375000;40.8046725;-73.9634204
117;4;1077;799000;52.3435465;4.8738549
84;3;1017;425000;52.3641851;4.8907747
123;6;1011;899000;52.3729762;4.9039565
51;3;1061;275000;52.3730438;4.837568
164;5;1083;535000;52.3297611;4.888615
67;3;1018;499000;52.3683871;4.9180909
106;3;1082;975000;52.3314299;4.8766928
190;4;1096;1118806;52.3363412;4.9190299
263;6;1016;2600000;52.3711467;4.8837046
53;2;1011;350000;52.3729762;4.9039565
74;3;1018;425000;52.3683871;4.9180909
128;4;1060;325000;40.8046725;-73.9634204
71;3;1034;219000;52.4076495;4.9172724
85;3;1103;189500;52.3234207;4.9728948
180;6;1023;600000;52.3870802;4.9496855
96;3;1034;325000;52.4076495;4.9172724
119;5;1066;359000;52.3431932;4.817434
94;4;1068;265000;52.3624004;4.8042058
135;6;1065;475000;52.3560303;4.8296176
98;4;1024;350000;52.3934948;4.9558257
104;5;1033;325000;52.4095854;4.8868895
86;4;1064;350000;52.3724594;4.8192201
165;5;1087;660000;52.3555895;5.0005613
138;6;1024;450000;52.3934948;4.9558257
120;5;1066;339500;52.3431932;4.817434
179;6;1060;475000;40.8046725;-73.9634204
105;4;1104;Prijs op aanvraag;52.3164474;4.9802023
373;8;1017;3980000;52.3641851;4.8907747
202;8;1014;1131408;52.3923045;4.8558842
113;4;1015;845000;52.3790928;4.885109
174;6;1071;1565000;52.3559882;4.8778762
329;9;1071;4450000;52.3559882;4.8778762
440;8;1075;6400000;52.3515641;4.856651
121;4;1064;449000;52.3724594;4.8192201
171;5;1060;550000;40.8046725;-73.9634204
325;7;1016;2000000;52.3711467;4.8837046
160;6;1087;495000;52.3555895;5.0005613
246;7;1086;900000;52.3617208;4.981714
90;5;1057;400000;52.3670713;4.8531117
74;3;1064;225000;52.3724594;4.8192201
108;3;1019;499000;52.3728583;4.9388278
100;4;1068;245000;52.3624004;4.8042058
32;2;1012;249000;52.3733862;4.8940639
51;2;1103;139000;52.3234207;4.9728948
58;3;1055;294000;52.3817073;4.8540225
135;4;1055;750000;52.3817073;4.8540225
97;5;1021;400000;52.3834657;4.9173131
49;3;1055;225000;52.3817073;4.8540225
58;3;1072;399000;52.3522009;4.8903141
72;4;1069;225000;52.3576375;4.7901227
92;4;1102;265000;52.3135175;4.9547795
81;3;1068;220000;52.3624004;4.8042058
68;3;1063;225000;52.3815295;4.825779
42;2;1064;175000;52.3724594;4.8192201
77;4;1019;400000;52.3728583;4.9388278
96;4;1058;525000;52.3583805;4.8494046
37;2;1091;225000;52.3565396;4.9143228
79;4;1082;325000;52.3314299;4.8766928
200;7;1091;1000000;52.3565396;4.9143228
55;3;1055;275000;52.3817073;4.8540225
70;3;1069;225000;52.3576375;4.7901227
81;3;1024;275000;52.3934948;4.9558257
78;3;1069;225000;52.3576375;4.7901227
61;3;1069;175000;52.3576375;4.7901227
94;3;1093;450000;52.3612861;4.9284541
78;3;1019;325000;52.3728583;4.9388278
131;3;1058;775000;52.3583805;4.8494046
99;4;1068;230000;52.3624004;4.8042058
68;3;1068;200000;52.3624004;4.8042058
103;4;1091;550000;52.3565396;4.9143228
52;3;1091;275000;52.3565396;4.9143228
86;3;1067;235000;52.3765795;4.7834602
70;5;1018;450000;52.3683871;4.9180909
77;3;1060;259000;40.8046725;-73.9634204
153;3;1013;725000;52.396789;4.8766067
94;4;1067;290000;52.3765795;4.7834602
105;4;1067;330000;52.3765795;4.7834602
43;2;1067;195000;52.3765795;4.7834602
43;2;1067;195000;52.3765795;4.7834602
51;3;1067;235000;52.3765795;4.7834602
51;3;1067;235000;52.3765795;4.7834602
51;3;1067;235000;52.3765795;4.7834602
99;4;1067;350000;52.3765795;4.7834602
90;4;1067;330000;52.3765795;4.7834602
38;2;1067;195000;52.3765795;4.7834602
51;3;1067;250000;52.3765795;4.7834602
99;4;1067;350000;52.3765795;4.7834602
51;3;1067;235000;52.3765795;4.7834602
43;2;1067;195000;52.3765795;4.7834602
51;3;1067;235000;52.3765795;4.7834602
75;4;1069;180000;52.3576375;4.7901227
91;3;1016;625000;52.3711467;4.8837046
65;2;1017;450000;52.3641851;4.8907747
63;2;1091;329000;52.3565396;4.9143228
75;3;1024;245000;52.3934948;4.9558257
60;3;1012;375000;52.3733862;4.8940639
71;3;1079;299000;52.3421834;4.9067927
71;4;1079;299000;52.3421834;4.9067927
71;3;1079;299000;52.3421834;4.9067927
166;5;1071;1350000;52.3559882;4.8778762
100;4;1083;449500;52.3297611;4.888615
86;4;1073;489000;52.351928;4.896904
187;4;1081;1000000;52.3337697;4.8522405
88;4;1108;210000;52.3065615;4.9933607
154;5;1018;999500;52.3683871;4.9180909
109;4;1103;190000;52.3234207;4.9728948
44;2;1012;285000;52.3733862;4.8940639
67;3;1074;415000;52.351518;4.90679
41;2;1015;339000;52.3790928;4.885109
76;3;1056;430000;52.3732792;4.8544858
35;1;1012;235000;52.3733862;4.8940639
60;2;1102;185000;52.3135175;4.9547795
55;3;1057;315000;52.3670713;4.8531117
154;5;1071;1095000;52.3559882;4.8778762
150;5;1076;1100000;52.3440889;4.860684
115;5;1056;649000;52.3732792;4.8544858
51;2;1097;225000;52.3449297;4.9319025
63;3;1054;455000;52.3612327;4.8653587
142;3;1054;899000;52.3612327;4.8653587
85;2;1015;525000;52.3790928;4.885109
66;3;1071;495000;52.3559882;4.8778762
159;7;1017;975000;52.3641851;4.8907747
84;2;1015;600000;52.3790928;4.885109
152;5;1014;923114;52.3923045;4.8558842
111;4;1097;600000;52.3449297;4.9319025
100;3;1102;290000;52.3135175;4.9547795
66;2;1082;255000;52.3314299;4.8766928
153;4;1087;595000;52.3555895;5.0005613
159;9;1071;1495000;52.3559882;4.8778762
64;4;1054;450000;52.3612327;4.8653587
185;5;1012;800000;52.3733862;4.8940639
66;1;1012;325000;52.3733862;4.8940639
164;5;1054;995000;52.3612327;4.8653587
160;4;1086;598000;52.3617208;4.981714
76;3;1011;515000;52.3729762;4.9039565
46;2;1012;299000;52.3733862;4.8940639
85;4;1024;275000;52.3934948;4.9558257
124;3;1052;880000;52.3768523;4.87475
61;2;1079;349000;52.3421834;4.9067927
295;6;1015;2500000;52.3790928;4.885109
87;3;1018;750000;52.3683871;4.9180909
101;3;1072;675000;52.3522009;4.8903141
66;2;1012;495000;52.3733862;4.8940639
238;6;1017;2400000;52.3641851;4.8907747
447;9;1016;3490000;52.3711467;4.8837046
100;4;1058;425000;52.3583805;4.8494046
45;3;1011;425000;52.3729762;4.9039565
128;5;1058;775000;52.3583805;4.8494046
263;6;1016;2600000;52.3711467;4.8837046
111;3;1015;549500;52.3790928;4.885109
85;3;1017;825000;52.3641851;4.8907747
37;2;1013;285000;52.396789;4.8766067
58;2;1011;460000;52.3729762;4.9039565
195;5;1071;2500000;52.3559882;4.8778762
145;4;1013;850000;52.396789;4.8766067
118;5;1082;599000;52.3314299;4.8766928
83;3;1060;249000;40.8046725;-73.9634204
237;3;1015;1495000;52.3790928;4.885109
121;5;1066;375000;52.3431932;4.817434
67;3;1033;250000;52.4095854;4.8868895
106;5;1066;395000;52.3431932;4.817434
134;4;1019;599000;52.3728583;4.9388278
155;5;1060;439000;40.8046725;-73.9634204
31;3;1016;295000;52.3711467;4.8837046
175;0;1098;895000;52.3511236;4.9482332
204;8;1014;1130465;52.3923045;4.8558842
293;0;1011;3250000;52.3729762;4.9039565
350;0;1054;2400000;52.3612327;4.8653587
440;8;1075;6400000;52.3515641;4.856651
152;5;1068;650000;52.3624004;4.8042058
89;4;1107;248000;52.2912462;4.9773243
93;2;1031;450000;52.3903988;4.9020632
95;3;1019;539000;52.3728583;4.9388278
463;9;1015;3450000;52.3790928;4.885109
380;9;1077;3800000;52.3435465;4.8738549
283;9;1017;1500000;52.3641851;4.8907747
149;7;1024;475000;52.3934948;4.9558257
30;1;1024;115000;52.3934948;4.9558257
80;3;1025;235000;52.3996222;4.9369594
28;1;1018;200000;52.3683871;4.9180909
216;8;1018;1250000;52.3683871;4.9180909
139;4;1093;985000;52.3612861;4.9284541
70;4;1055;375000;52.3817073;4.8540225
49;2;1012;300000;52.3733862;4.8940639
78;3;1056;325000;52.3732792;4.8544858
51;2;1055;285000;52.3817073;4.8540225
99;4;1068;245000;52.3624004;4.8042058
42;2;1102;157500;52.3135175;4.9547795
316;9;1071;2200000;52.3559882;4.8778762
187;4;1081;1000000;52.3337697;4.8522405
56;3;1055;245000;52.3817073;4.8540225
46;2;1055;212500;52.3817073;4.8540225
70;2;1054;500000;52.3612327;4.8653587
54;3;1015;449000;52.3790928;4.885109
50;2;1058;299000;52.3583805;4.8494046
60;2;1054;599000;52.3612327;4.8653587
56;2;1073;350000;52.351928;4.896904
129;3;1012;1310000;52.3733862;4.8940639
39;2;1016;335000;52.3711467;4.8837046
77;4;1078;550000;52.3441217;4.8922031
53;2;1078;325000;52.3441217;4.8922031
100;3;1087;350000;52.3555895;5.0005613
50;2;1011;385000;52.3729762;4.9039565
81;3;1087;280000;52.3555895;5.0005613
135;4;1016;795000;52.3711467;4.8837046
212;5;1071;2000000;52.3559882;4.8778762
69;3;1058;470000;52.3583805;4.8494046
102;4;1058;495000;52.3583805;4.8494046
87;2;1013;555000;52.396789;4.8766067
63;3;1102;199000;52.3135175;4.9547795
33;2;1053;239900;52.3663937;4.8695863
106;3;1012;750000;52.3733862;4.8940639
58;1;1018;365000;52.3683871;4.9180909
60;3;1058;314000;52.3583805;4.8494046
488;7;1096;3049915;52.3363412;4.9190299
18;;1082;37500;52.3314299;4.8766928
87;4;1065;370000;52.3560303;4.8296176
79;5;1109;299000;52.3110148;5.0140928
181;6;1087;799000;52.3555895;5.0005613
18;;1034;29500;52.4076495;4.9172724
131;5;1091;595000;52.3565396;4.9143228
37;1;1055;185000;52.3817073;4.8540225
335;5;1014;3180000;52.3923045;4.8558842
159;5;1054;1130000;52.3612327;4.8653587
34;2;1083;200000;52.3297611;4.888615
99;4;1025;275000;52.3996222;4.9369594
80;3;1052;489000;52.3768523;4.87475
130;5;1025;465000;52.3996222;4.9369594
135;7;1056;599000;52.3732792;4.8544858
48;2;1095;285000;52.359026;4.9611967
58;2;1034;194000;52.4076495;4.9172724
88;4;1055;450000;52.3817073;4.8540225
52;3;1079;324500;52.3421834;4.9067927
74;4;1078;390000;52.3441217;4.8922031
365;5;1075;5400000;52.3515641;4.856651
80;3;1056;545000;52.3732792;4.8544858
105;4;1021;425000;52.3834657;4.9173131
32;2;1013;325000;52.396789;4.8766067
38;2;1013;295000;52.396789;4.8766067
38;2;1013;295000;52.396789;4.8766067
140;6;1015;1300000;52.3790928;4.885109
70;3;1063;220000;52.3815295;4.825779
235;4;1017;1410000;52.3641851;4.8907747
88;4;1060;239000;40.8046725;-73.9634204
98;3;1058;400000;52.3583805;4.8494046
232;6;1014;949556;52.3923045;4.8558842
166;4;1014;1068250;52.3923045;4.8558842
107;4;1014;585559;52.3923045;4.8558842
80;3;1082;350000;52.3314299;4.8766928
250;4;1022;840000;40.8033203;-73.9639621
230;7;1066;589000;52.3431932;4.817434
90;1;1018;649000;52.3683871;4.9180909
75;3;1051;365000;52.3797728;4.8686235
65;3;1074;319500;52.351518;4.90679
150;5;1069;698000;52.3576375;4.7901227
130;4;1026;575000;52.3812323;4.9935529
496;1;1032;2480000;52.395149;4.9162053
153;5;1104;417500;52.3164474;4.9802023
165;6;1067;500000;52.3765795;4.7834602
262;9;1019;1150000;52.3728583;4.9388278
37;2;1072;245000;52.3522009;4.8903141
132;4;1077;1250000;52.3435465;4.8738549
61;4;1055;250000;52.3817073;4.8540225
78;3;1069;250000;52.3576375;4.7901227
47;2;1073;275000;52.351928;4.896904
147;3;1014;1255000;52.3923045;4.8558842
195;6;1054;1250000;52.3612327;4.8653587
82;4;1106;Prijs op aanvraag;52.3007124;4.9740506
115;3;1092;725000;52.358913;4.9213875
232;4;1071;2850000;52.3559882;4.8778762
405;5;1071;3650000;52.3559882;4.8778762
77;3;1011;440000;52.3729762;4.9039565
214;1;1076;1698000;52.3440889;4.860684
145;7;1064;475000;52.3724594;4.8192201
113;3;1082;600000;52.3314299;4.8766928
35;2;1082;185000;52.3314299;4.8766928
149;1;1032;775000;52.395149;4.9162053
135;5;1087;525000;52.3555895;5.0005613
154;4;1019;975000;52.3728583;4.9388278
123;4;1019;802000;52.3728583;4.9388278
53;3;1031;320000;52.3903988;4.9020632
298;5;1014;2470000;52.3923045;4.8558842
181;3;1014;1500000;52.3923045;4.8558842
150;5;1024;525000;52.3934948;4.9558257
96;5;1068;255000;52.3624004;4.8042058
73;3;1052;375000;52.3768523;4.87475
63;2;1053;279000;52.3663937;4.8695863
36;2;1072;225000;52.3522009;4.8903141
85;3;1069;275000;52.3576375;4.7901227
78;4;1031;425000;52.3903988;4.9020632
88;4;1097;450000;52.3449297;4.9319025
135;3;1031;750000;52.3903988;4.9020632
46;2;1053;259000;52.3663937;4.8695863
48;2;1073;300000;52.351928;4.896904
50;2;1094;245000;52.3636588;4.9355226
93;4;1054;600000;52.3612327;4.8653587
164;5;1015;1000000;52.3790928;4.885109
66;2;1019;275000;52.3728583;4.9388278
127;5;1058;640000;52.3583805;4.8494046
171;6;1098;1175000;52.3511236;4.9482332
52;2;1012;300000;52.3733862;4.8940639
67;4;1019;350000;52.3728583;4.9388278
69;2;1066;285000;52.3431932;4.817434
140;7;1077;1100000;52.3435465;4.8738549
56;2;1054;325000;52.3612327;4.8653587
37;1;1013;190000;52.396789;4.8766067
71;2;1019;375000;52.3728583;4.9388278
112;2;1018;440000;52.3683871;4.9180909
64;3;1019;300000;52.3728583;4.9388278
57;4;1055;300000;52.3817073;4.8540225
75;3;1011;419000;52.3729762;4.9039565
62;1;1037;349000;52.4238336;4.8680792
80;5;1017;479000;52.3641851;4.8907747
60;4;1023;289000;52.3870802;4.9496855
280;2;1078;1150000;52.3441217;4.8922031
128;5;1016;849000;52.3711467;4.8837046
65;2;1083;370000;52.3297611;4.888615
119;3;1064;395000;52.3724594;4.8192201
85;4;1023;400000;52.3870802;4.9496855
149;4;1060;450000;40.8046725;-73.9634204
99;1;1032;437500;52.395149;4.9162053
117;3;1014;970000;52.3923045;4.8558842
144;5;1086;323000;52.3617208;4.981714
47;2;1052;Prijs op aanvraag;52.3768523;4.87475
134;6;1063;425000;52.3815295;4.825779
67;3;1023;350000;52.3870802;4.9496855
55;2;1071;350000;52.3559882;4.8778762
96;4;1019;450000;52.3728583;4.9388278
64;3;1074;395000;52.351518;4.90679
53;3;1073;325000;52.351928;4.896904
51;3;1055;265000;52.3817073;4.8540225
23;1;1073;200000;52.351928;4.896904
100;4;1051;540000;52.3797728;4.8686235
87;3;1078;500000;52.3441217;4.8922031
58;3;1058;300000;52.3583805;4.8494046
57;2;1079;369000;52.3421834;4.9067927
86;3;1018;475000;52.3683871;4.9180909
74;3;1054;475000;52.3612327;4.8653587
101;4;1056;600000;52.3732792;4.8544858
72;3;1072;515000;52.3522009;4.8903141
75;3;1077;475000;52.3435465;4.8738549
49;3;1055;250000;52.3817073;4.8540225
57;5;1016;350000;52.3711467;4.8837046
75;3;1034;195000;52.4076495;4.9172724
54;2;1013;295000;52.396789;4.8766067
63;4;1059;350000;52.3460212;4.8461017
77;3;1076;400000;52.3440889;4.860684
31;1;1053;200000;52.3663937;4.8695863
118;3;1016;625000;52.3711467;4.8837046
126;3;1019;550000;52.3728583;4.9388278
59;2;1094;325000;52.3636588;4.9355226
75;4;1018;350000;52.3683871;4.9180909
108;4;1015;785000;52.3790928;4.885109
16;;1069;25000;52.3576375;4.7901227
44;2;1052;Prijs op aanvraag;52.3768523;4.87475
17;;1082;42500;52.3314299;4.8766928
16;;1051;54500;52.3797728;4.8686235
12;;1093;32500;52.3612861;4.9284541
75;5;1067;224000;52.3765795;4.7834602
134;6;1034;798000;52.4076495;4.9172724
77;4;1033;298000;52.4095854;4.8868895
137;6;1104;Prijs op aanvraag;52.3164474;4.9802023
74;4;1023;375000;52.3870802;4.9496855
215;9;1067;750000;52.3765795;4.7834602
46;2;1031;320000;52.3903988;4.9020632
255;0;1086;850000;52.3617208;4.981714
100;4;1057;625000;52.3670713;4.8531117
70;3;1018;425000;52.3683871;4.9180909
73;3;1056;365000;52.3732792;4.8544858
49;2;1056;285000;52.3732792;4.8544858
64;3;1055;295000;52.3817073;4.8540225
87;3;1016;500000;52.3711467;4.8837046
100;4;1057;650000;52.3670713;4.8531117
42;2;1076;300000;52.3440889;4.860684
43;2;1091;249000;52.3565396;4.9143228
84;1;1086;293000;52.3617208;4.981714
50;2;1072;325000;52.3522009;4.8903141
54;2;1093;300000;52.3612861;4.9284541
57;2;1055;275000;52.3817073;4.8540225
128;5;1017;800000;52.3641851;4.8907747
110;3;1017;150000;52.3641851;4.8907747
51;3;1013;265000;52.396789;4.8766067
255;9;1017;1650000;52.3641851;4.8907747
118;6;1077;649000;52.3435465;4.8738549
126;3;1014;1085000;52.3923045;4.8558842
127;3;1014;1120000;52.3923045;4.8558842
134;4;1074;450000;52.351518;4.90679
90;4;1104;220000;52.3164474;4.9802023
135;4;1096;758289;52.3363412;4.9190299
219;5;1098;1000000;52.3511236;4.9482332
17;;1069;27500;52.3576375;4.7901227
12;;1019;27500;52.3728583;4.9388278
82;3;1069;299000;52.3576375;4.7901227
130;5;1076;625000;52.3440889;4.860684
57;3;1055;289000;52.3817073;4.8540225
61;2;1071;475000;52.3559882;4.8778762
105;3;1019;495000;52.3728583;4.9388278
156;5;1013;850000;52.396789;4.8766067
56;3;1072;399000;52.3522009;4.8903141
70;3;1052;400000;52.3768523;4.87475
84;3;1077;550000;52.3435465;4.8738549
60;2;1054;375000;52.3612327;4.8653587
98;4;1098;625000;52.3511236;4.9482332
83;3;1079;450000;52.3421834;4.9067927
78;3;1019;325000;52.3728583;4.9388278
87;3;1096;395000;52.3363412;4.9190299
91;3;1061;350000;52.3730438;4.837568
64;3;1017;695000;52.3641851;4.8907747
86;3;1015;535000;52.3790928;4.885109
190;5;1096;1143388;52.3363412;4.9190299
103;3;1016;500000;52.3711467;4.8837046
19;;1069;27500;52.3576375;4.7901227
174;6;1083;1250000;52.3297611;4.888615
99;3;1019;495000;52.3728583;4.9388278
124;5;1035;675000;52.4168952;4.9067666
426;0;1072;1900000;52.3522009;4.8903141
177;6;1071;Prijs op aanvraag;52.3559882;4.8778762
65;3;1075;475000;52.3515641;4.856651
58;2;1034;159000;52.4076495;4.9172724
51;3;1072;350000;52.3522009;4.8903141
82;3;1098;369000;52.3511236;4.9482332
10;1;1086;22500;52.3617208;4.981714
124;5;1092;750000;52.358913;4.9213875
19;;1024;25000;52.3934948;4.9558257
589;;1018;59000;52.3683871;4.9180909
19;;1063;37500;52.3815295;4.825779
16;;1102;23000;52.3135175;4.9547795
98;4;1098;625000;52.3511236;4.9482332
233;5;1022;995000;40.8033203;-73.9639621
93;3;1016;595000;52.3711467;4.8837046
117;4;1096;694187;52.3363412;4.9190299
117;4;1096;693687;52.3363412;4.9190299
100;3;1096;606190;52.3363412;4.9190299
89;3;1096;560464;52.3363412;4.9190299
109;4;1106;279000;52.3007124;4.9740506
102;4;1034;350000;52.4076495;4.9172724
120;4;1060;389000;40.8046725;-73.9634204
134;5;1069;369000;52.3576375;4.7901227
171;6;1069;519000;52.3576375;4.7901227
152;5;1103;449358;52.3234207;4.9728948
162;8;1060;475000;40.8046725;-73.9634204
69;3;1107;169500;52.2912462;4.9773243
46;2;1062;225000;52.3517216;4.8371533
25;1;1013;189000;52.396789;4.8766067
153;4;1034;1195000;52.4076495;4.9172724
121;4;1011;725000;52.3729762;4.9039565
97;5;1107;240000;52.2912462;4.9773243
137;4;1087;445000;52.3555895;5.0005613
102;3;1034;395000;52.4076495;4.9172724
72;4;1069;199500;52.3576375;4.7901227
46;2;1095;250000;52.359026;4.9611967
120;3;1032;680000;52.395149;4.9162053
87;4;1102;200000;52.3135175;4.9547795
156;6;1103;324177;52.3234207;4.9728948
101;3;1087;375000;52.3555895;5.0005613
32;1;1055;170000;52.3817073;4.8540225
79;4;1076;435000;52.3440889;4.860684
55;2;1102;145000;52.3135175;4.9547795
64;3;1059;240000;52.3460212;4.8461017
160;4;1069;779500;52.3576375;4.7901227
138;5;1083;1495000;52.3297611;4.888615
166;6;1016;1250000;52.3711467;4.8837046
183;6;1069;795015;52.3576375;4.7901227
61;3;1075;439000;52.3515641;4.856651
88;4;1057;475000;52.3670713;4.8531117
62;2;1017;425000;52.3641851;4.8907747
80;3;1082;289000;52.3314299;4.8766928
110;7;1065;310000;52.3560303;4.8296176
65;3;1107;209000;52.2912462;4.9773243
80;3;1034;275000;52.4076495;4.9172724
52;2;1022;239000;40.8033203;-73.9639621
97;3;1077;700000;52.3435465;4.8738549
117;5;1064;385000;52.3724594;4.8192201
181;6;1071;1650000;52.3559882;4.8778762
113;5;1109;395000;52.3110148;5.0140928
87;3;1087;310000;52.3555895;5.0005613
56;3;1076;339000;52.3440889;4.860684
85;4;1102;210000;52.3135175;4.9547795
72;3;1057;325000;52.3670713;4.8531117
105;3;1087;325000;52.3555895;5.0005613
65;2;1057;350000;52.3670713;4.8531117
47;2;1095;239000;52.359026;4.9611967
110;4;1095;450000;52.359026;4.9611967
42;2;1055;215000;52.3817073;4.8540225
70;3;1074;439000;52.351518;4.90679
57;2;1102;145000;52.3135175;4.9547795
150;5;1054;895000;52.3612327;4.8653587
82;3;1087;295000;52.3555895;5.0005613
66;3;1068;189500;52.3624004;4.8042058
79;3;1053;470000;52.3663937;4.8695863
53;3;1074;335000;52.351518;4.90679
99;3;1019;425000;52.3728583;4.9388278
99;3;1074;550000;52.351518;4.90679
131;5;1087;350000;52.3555895;5.0005613
137;6;1069;325000;52.3576375;4.7901227
122;3;1069;324500;52.3576375;4.7901227
72;4;1079;395000;52.3421834;4.9067927
85;4;1091;399245;52.3565396;4.9143228
78;3;1057;439000;52.3670713;4.8531117
100;3;1087;324936;52.3555895;5.0005613
85;4;1019;369000;52.3728583;4.9388278
72;4;1057;399060;52.3670713;4.8531117
141;5;1027;750000;52.4119015;4.9624584
100;3;1074;695000;52.351518;4.90679
75;4;1061;350000;52.3730438;4.837568
235;5;1017;1900000;52.3641851;4.8907747
207;4;1092;950000;52.358913;4.9213875
66;3;1052;365000;52.3768523;4.87475
63;2;1034;175000;52.4076495;4.9172724
150;6;1056;735000;52.3732792;4.8544858
91;3;1062;335000;52.3517216;4.8371533
108;4;1056;475000;52.3732792;4.8544858
67;2;1058;410000;52.3583805;4.8494046
83;4;1024;250000;52.3934948;4.9558257
105;3;1015;550000;52.3790928;4.885109
85;3;1102;189500;52.3135175;4.9547795
56;2;1094;277500;52.3636588;4.9355226
82;3;1066;325000;52.3431932;4.817434
54;2;1032;200000;52.395149;4.9162053
192;6;1086;750000;52.3617208;4.981714
112;5;1061;349000;52.3730438;4.837568
173;6;1035;850000;52.4168952;4.9067666
230;6;1060;695000;40.8046725;-73.9634204
51;3;1061;240000;52.3730438;4.837568
109;5;1069;319000;52.3576375;4.7901227
81;3;1083;300000;52.3297611;4.888615
46;2;1098;225000;52.3511236;4.9482332
51;2;1094;299000;52.3636588;4.9355226
100;6;1075;599000;52.3515641;4.856651
117;7;1051;475000;52.3797728;4.8686235
85;2;1018;459000;52.3683871;4.9180909
109;3;1082;465000;52.3314299;4.8766928
52;2;1103;132500;52.3234207;4.9728948
60;3;1058;325000;52.3583805;4.8494046
91;3;1013;875000;52.396789;4.8766067
99;3;1087;325000;52.3555895;5.0005613
90;3;1087;345000;52.3555895;5.0005613
85;3;1082;325000;52.3314299;4.8766928
90;3;1013;599000;52.396789;4.8766067
270;2;1087;1450000;52.3555895;5.0005613
81;3;1075;499000;52.3515641;4.856651
74;3;1076;425000;52.3440889;4.860684
112;4;1054;670000;52.3612327;4.8653587
156;7;1098;895000;52.3511236;4.9482332
95;4;1054;620000;52.3612327;4.8653587
43;3;1054;300000;52.3612327;4.8653587
66;3;1057;349000;52.3670713;4.8531117
68;3;1012;399000;52.3733862;4.8940639
68;3;1082;300000;52.3314299;4.8766928
75;6;1055;375000;52.3817073;4.8540225
86;4;1061;335000;52.3730438;4.837568
72;3;1033;245000;52.4095854;4.8868895
27;1;1013;200000;52.396789;4.8766067
42;2;1091;235000;52.3565396;4.9143228
32;2;1052;222500;52.3768523;4.87475
54;3;1079;300000;52.3421834;4.9067927
98;4;1068;250000;52.3624004;4.8042058
80;3;1096;460000;52.3363412;4.9190299
102;2;1016;645000;52.3711467;4.8837046
64;3;1072;440000;52.3522009;4.8903141
34;2;1082;175000;52.3314299;4.8766928
76;3;1034;200000;52.4076495;4.9172724
82;3;1056;400000;52.3732792;4.8544858
47;3;1051;275000;52.3797728;4.8686235
80;3;1051;399000;52.3797728;4.8686235
157;5;1017;1100000;52.3641851;4.8907747
44;2;1052;235000;52.3768523;4.87475
241;6;1017;2545000;52.3641851;4.8907747
97;3;1053;459000;52.3663937;4.8695863
94;3;1019;449000;52.3728583;4.9388278
80;3;1104;239000;52.3164474;4.9802023
118;4;1067;325000;52.3765795;4.7834602
106;4;1106;299000;52.3007124;4.9740506
141;5;1086;750000;52.3617208;4.981714
147;6;1098;710000;52.3511236;4.9482332
118;4;1066;335000;52.3431932;4.817434
88;3;1064;250000;52.3724594;4.8192201
120;4;1036;398800;52.4076888;4.9034688
66;4;1025;275000;52.3996222;4.9369594
241;6;1087;1135000;52.3555895;5.0005613
79;4;1063;275000;52.3815295;4.825779
29;1;1091;200000;52.3565396;4.9143228
79;4;1052;420000;52.3768523;4.87475
99;4;1095;450000;52.359026;4.9611967
61;3;1082;324500;52.3314299;4.8766928
38;2;1012;275000;52.3733862;4.8940639
91;3;1057;450000;52.3670713;4.8531117
47;2;1054;325000;52.3612327;4.8653587
61;3;1091;350000;52.3565396;4.9143228
97;3;1068;295000;52.3624004;4.8042058
119;4;1013;525000;52.396789;4.8766067
40;2;1013;250000;52.396789;4.8766067
66;3;1053;395000;52.3663937;4.8695863
59;2;1058;275000;52.3583805;4.8494046
56;2;1097;315000;52.3449297;4.9319025
83;4;1064;225000;52.3724594;4.8192201
101;5;1058;500000;52.3583805;4.8494046
117;5;1054;1150000;52.3612327;4.8653587
59;3;1065;220000;52.3560303;4.8296176
59;4;1091;315000;52.3565396;4.9143228
88;4;1055;395000;52.3817073;4.8540225
49;2;1092;275000;52.358913;4.9213875
89;2;1019;395000;52.3728583;4.9388278
72;3;1069;185000;52.3576375;4.7901227
116;5;1052;600000;52.3768523;4.87475
52;3;1091;289000;52.3565396;4.9143228
84;4;1095;355000;52.359026;4.9611967
49;3;1055;230000;52.3817073;4.8540225
77;3;1083;375000;52.3297611;4.888615
55;2;1025;165000;52.3996222;4.9369594
148;6;1058;750000;52.3583805;4.8494046
115;5;1093;648000;52.3612861;4.9284541
53;2;1072;289000;52.3522009;4.8903141
89;3;1104;220000;52.3164474;4.9802023
53;3;1053;299000;52.3663937;4.8695863
103;2;1091;460000;52.3565396;4.9143228
40;2;1091;230000;52.3565396;4.9143228
70;3;1067;225000;52.3765795;4.7834602
60;3;1052;275000;52.3768523;4.87475
108;3;1083;475000;52.3297611;4.888615
55;2;1079;350000;52.3421834;4.9067927
97;3;1074;600000;52.351518;4.90679
109;6;1079;600000;52.3421834;4.9067927
83;4;1106;220000;52.3007124;4.9740506
55;2;1107;165000;52.2912462;4.9773243
89;3;1019;435000;52.3728583;4.9388278
134;6;1016;795000;52.3711467;4.8837046
51;2;1057;275000;52.3670713;4.8531117
67;3;1053;450000;52.3663937;4.8695863
141;4;1098;580000;52.3511236;4.9482332
107;5;1106;255000;52.3007124;4.9740506
62;3;1107;185000;52.2912462;4.9773243
92;4;1104;195000;52.3164474;4.9802023
100;4;1073;579000;52.351928;4.896904
173;5;1087;500000;52.3555895;5.0005613
89;5;1051;469000;52.3797728;4.8686235
45;2;1021;235000;52.3834657;4.9173131
86;3;1061;299000;52.3730438;4.837568
86;5;1098;495000;52.3511236;4.9482332
106;3;1018;545000;52.3683871;4.9180909
52;3;1094;289000;52.3636588;4.9355226
80;3;1055;439000;52.3817073;4.8540225
53;2;1075;325000;52.3515641;4.856651
53;2;1103;155000;52.3234207;4.9728948
99;3;1102;225000;52.3135175;4.9547795
70;3;1107;175000;52.2912462;4.9773243
62;2;1102;175000;52.3135175;4.9547795
74;3;1069;225000;52.3576375;4.7901227
159;5;1075;1350000;52.3515641;4.856651
56;3;1066;199000;52.3431932;4.817434
71;2;1025;250000;52.3996222;4.9369594
52;3;1023;250000;52.3870802;4.9496855
92;4;1033;350000;52.4095854;4.8868895
137;6;1065;449000;52.3560303;4.8296176
77;4;1067;257500;52.3765795;4.7834602
83;4;1106;260000;52.3007124;4.9740506
95;5;1068;270000;52.3624004;4.8042058
114;4;1035;295000;52.4168952;4.9067666
136;6;1098;725000;52.3511236;4.9482332
118;5;1035;335000;52.4168952;4.9067666
195;5;1067;522500;52.3765795;4.7834602
68;3;1082;250000;52.3314299;4.8766928
68;4;1098;315000;52.3511236;4.9482332
67;3;1082;325000;52.3314299;4.8766928
34;1;1093;209000;52.3612861;4.9284541
46;2;1016;325000;52.3711467;4.8837046
75;4;1065;248800;52.3560303;4.8296176
96;3;1012;545000;52.3733862;4.8940639
31;1;1015;250000;52.3790928;4.885109
81;3;1068;200000;52.3624004;4.8042058
128;4;1075;1395000;52.3515641;4.856651
41;2;1076;285000;52.3440889;4.860684
134;1;1075;800000;52.3515641;4.856651
44;2;1051;259000;52.3797728;4.8686235
80;3;1055;325000;52.3817073;4.8540225
64;3;1098;300000;52.3511236;4.9482332
165;5;1056;825000;52.3732792;4.8544858
100;4;1098;519000;52.3511236;4.9482332
83;4;1094;325000;52.3636588;4.9355226
69;3;1016;425000;52.3711467;4.8837046
133;5;1098;695000;52.3511236;4.9482332
92;3;1018;499000;52.3683871;4.9180909
94;4;1034;220000;52.4076495;4.9172724
87;3;1092;499000;52.358913;4.9213875
47;3;1055;215000;52.3817073;4.8540225
100;3;1054;525000;52.3612327;4.8653587
55;2;1103;148500;52.3234207;4.9728948
78;4;1082;325000;52.3314299;4.8766928
80;3;1082;325000;52.3314299;4.8766928
54;2;1017;375000;52.3641851;4.8907747
106;4;1053;625000;52.3663937;4.8695863
121;3;1061;450000;52.3730438;4.837568
55;3;1055;275000;52.3817073;4.8540225
55;3;1024;200000;52.3934948;4.9558257
53;2;1076;350000;52.3440889;4.860684
74;3;1071;575000;52.3559882;4.8778762
55;3;1051;299000;52.3797728;4.8686235
57;2;1054;340000;52.3612327;4.8653587
96;5;1021;350000;52.3834657;4.9173131
109;4;1054;699000;52.3612327;4.8653587
121;5;1079;639000;52.3421834;4.9067927
99;4;1071;575000;52.3559882;4.8778762
146;0;1077;1200000;52.3435465;4.8738549
104;4;1058;725000;52.3583805;4.8494046
134;5;1075;1050000;52.3515641;4.856651
88;3;1062;275000;52.3517216;4.8371533
48;2;1076;275000;52.3440889;4.860684
91;3;1053;525000;52.3663937;4.8695863
196;6;1071;1875000;52.3559882;4.8778762
32;1;1053;210000;52.3663937;4.8695863
62;2;1033;190000;52.4095854;4.8868895
62;3;1033;200000;52.4095854;4.8868895
68;3;1072;400000;52.3522009;4.8903141
171;4;1016;1675000;52.3711467;4.8837046
134;4;1053;695000;52.3663937;4.8695863
109;4;1018;499000;52.3683871;4.9180909
79;3;1103;185000;52.3234207;4.9728948
50;2;1095;269000;52.359026;4.9611967
123;5;1054;799000;52.3612327;4.8653587
120;3;1068;449000;52.3624004;4.8042058
146;5;1104;275000;52.3164474;4.9802023
100;4;1069;445000;52.3576375;4.7901227
103;3;1104;235000;52.3164474;4.9802023
314;8;1071;2980000;52.3559882;4.8778762
100;4;1107;249500;52.2912462;4.9773243
128;5;1069;488800;52.3576375;4.7901227
139;4;1060;439000;40.8046725;-73.9634204
76;5;1017;675000;52.3641851;4.8907747
148;5;1077;1400000;52.3435465;4.8738549
69;4;1109;225000;52.3110148;5.0140928
113;6;1011;775000;52.3729762;4.9039565
193;6;1087;1075000;52.3555895;5.0005613
101;4;1060;325000;40.8046725;-73.9634204
264;6;1077;2995000;52.3435465;4.8738549
72;4;1019;275000;52.3728583;4.9388278
140;6;1060;395000;40.8046725;-73.9634204
164;4;1077;1125000;52.3435465;4.8738549
99;3;1063;300000;52.3815295;4.825779
43;1;1051;235000;52.3797728;4.8686235
70;4;1032;275000;52.395149;4.9162053
67;3;1082;315000;52.3314299;4.8766928
52;2;1076;300000;52.3440889;4.860684
48;2;1074;275000;52.351518;4.90679
179;5;1054;1280000;52.3612327;4.8653587
51;3;1056;250000;52.3732792;4.8544858
72;2;1068;225000;52.3624004;4.8042058
62;2;1075;335000;52.3515641;4.856651
72;3;1069;185000;52.3576375;4.7901227
115;5;1059;649000;52.3460212;4.8461017
48;4;1055;215000;52.3817073;4.8540225
50;2;1079;300000;52.3421834;4.9067927
82;3;1064;230000;52.3724594;4.8192201
121;8;1078;585000;52.3441217;4.8922031
73;3;1098;285000;52.3511236;4.9482332
53;2;1013;300000;52.396789;4.8766067
33;3;1053;199000;52.3663937;4.8695863
84;3;1092;500000;52.358913;4.9213875
66;1;1072;365000;52.3522009;4.8903141
60;3;1059;325000;52.3460212;4.8461017
120;4;1069;325000;52.3576375;4.7901227
50;3;1094;300000;52.3636588;4.9355226
94;4;1107;199500;52.2912462;4.9773243
100;3;1067;298800;52.3765795;4.7834602
79;3;1051;450000;52.3797728;4.8686235
86;4;1082;325000;52.3314299;4.8766928
38;2;1074;250000;52.351518;4.90679
80;3;1059;499000;52.3460212;4.8461017
73;3;1061;250000;52.3730438;4.837568
90;3;1072;489000;52.3522009;4.8903141
95;2;1018;439000;52.3683871;4.9180909
67;3;1013;375000;52.396789;4.8766067
105;4;1054;795000;52.3612327;4.8653587
103;4;1106;225000;52.3007124;4.9740506
34;1;1102;97500;52.3135175;4.9547795
50;3;1052;350000;52.3768523;4.87475
70;3;1056;395000;52.3732792;4.8544858
50;3;1079;300000;52.3421834;4.9067927
90;3;1058;495000;52.3583805;4.8494046
54;3;1054;320000;52.3612327;4.8653587
106;5;1025;298800;52.3996222;4.9369594
53;2;1056;289000;52.3732792;4.8544858
37;2;1097;179000;52.3449297;4.9319025
145;5;1098;1150000;52.3511236;4.9482332
86;4;1102;199000;52.3135175;4.9547795
125;3;1082;675000;52.3314299;4.8766928
75;3;1106;189500;52.3007124;4.9740506
41;2;1097;175000;52.3449297;4.9319025
56;2;1093;300000;52.3612861;4.9284541
62;2;1091;375000;52.3565396;4.9143228
115;4;1054;849000;52.3612327;4.8653587
71;4;1055;375000;52.3817073;4.8540225
112;3;1077;650000;52.3435465;4.8738549
90;3;1066;329000;52.3431932;4.817434
111;4;1054;700000;52.3612327;4.8653587
129;4;1082;579000;52.3314299;4.8766928
56;4;1059;295000;52.3460212;4.8461017
206;7;1071;1575000;52.3559882;4.8778762
97;4;1016;695000;52.3711467;4.8837046
61;3;1059;350000;52.3460212;4.8461017
105;4;1079;575000;52.3421834;4.9067927
98;5;1103;225000;52.3234207;4.9728948
42;2;1073;225000;52.351928;4.896904
44;2;1024;175000;52.3934948;4.9558257
133;8;1035;375000;52.4168952;4.9067666
123;5;1060;379500;40.8046725;-73.9634204
103;5;1097;700000;52.3449297;4.9319025
57;3;1025;245000;52.3996222;4.9369594
109;3;1066;375000;52.3431932;4.817434
78;4;1026;375000;52.3812323;4.9935529
77;3;1017;649000;52.3641851;4.8907747
55;2;1053;375000;52.3663937;4.8695863
59;2;1058;230000;52.3583805;4.8494046
200;6;1075;1300000;52.3515641;4.856651
62;3;1079;415000;52.3421834;4.9067927
45;2;1095;245000;52.359026;4.9611967
57;2;1102;175000;52.3135175;4.9547795
60;3;1055;239000;52.3817073;4.8540225
63;3;1024;200000;52.3934948;4.9558257
96;3;1104;250000;52.3164474;4.9802023
53;3;1013;265000;52.396789;4.8766067
136;4;1075;1250000;52.3515641;4.856651
92;3;1061;339000;52.3730438;4.837568
73;4;1069;225000;52.3576375;4.7901227
58;3;1079;335000;52.3421834;4.9067927
192;6;1077;1480000;52.3435465;4.8738549
74;4;1057;475000;52.3670713;4.8531117
43;2;1052;225000;52.3768523;4.87475
73;3;1015;650000;52.3790928;4.885109
60;3;1072;285000;52.3522009;4.8903141
111;5;1077;899000;52.3435465;4.8738549
100;3;1057;599000;52.3670713;4.8531117
104;4;1095;510000;52.359026;4.9611967
324;1;1081;1865000;52.3337697;4.8522405
123;5;1102;325000;52.3135175;4.9547795
124;6;1060;375000;40.8046725;-73.9634204
162;5;1033;500000;52.4095854;4.8868895
140;5;1067;455000;52.3765795;4.7834602
81;3;1074;470000;52.351518;4.90679
61;3;1076;375000;52.3440889;4.860684
50;2;1016;328500;52.3711467;4.8837046
90;3;1073;575000;52.351928;4.896904
60;2;1015;325000;52.3790928;4.885109
200;7;1075;1625000;52.3515641;4.856651
99;4;1033;300000;52.4095854;4.8868895
82;5;1078;399000;52.3441217;4.8922031
52;4;1056;289000;52.3732792;4.8544858
218;7;1077;1000000;52.3435465;4.8738549
128;4;1015;1000000;52.3790928;4.885109
39;1;1052;200000;52.3768523;4.87475
95;1;1086;299000;52.3617208;4.981714
68;3;1072;399000;52.3522009;4.8903141
126;6;1066;375000;52.3431932;4.817434
31;2;1072;185000;52.3522009;4.8903141
53;3;1054;299000;52.3612327;4.8653587
200;7;1016;1200000;52.3711467;4.8837046
116;4;1062;430000;52.3517216;4.8371533
93;4;1021;350000;52.3834657;4.9173131
31;1;1072;180000;52.3522009;4.8903141
145;5;1024;550000;52.3934948;4.9558257
158;5;1097;825000;52.3449297;4.9319025
85;5;1068;260000;52.3624004;4.8042058
38;2;1023;165000;52.3870802;4.9496855
134;6;1069;419000;52.3576375;4.7901227
110;4;1064;400000;52.3724594;4.8192201
128;5;1104;299000;52.3164474;4.9802023
100;4;1067;289000;52.3765795;4.7834602
65;3;1033;225000;52.4095854;4.8868895
98;4;1058;400000;52.3583805;4.8494046
83;6;1093;375000;52.3612861;4.9284541
57;2;1107;166500;52.2912462;4.9773243
95;3;1067;249000;52.3765795;4.7834602
115;5;1035;349500;52.4168952;4.9067666
73;3;1057;395000;52.3670713;4.8531117
134;7;1054;825000;52.3612327;4.8653587
80;3;1051;550000;52.3797728;4.8686235
80;3;1051;500000;52.3797728;4.8686235
53;2;1018;275000;52.3683871;4.9180909
46;2;1074;279000;52.351518;4.90679
85;3;1035;235000;52.4168952;4.9067666
160;5;1053;1100000;52.3663937;4.8695863
95;4;1087;339000;52.3555895;5.0005613
91;4;1061;350000;52.3730438;4.837568
52;2;1091;319000;52.3565396;4.9143228
78;3;1013;400000;52.396789;4.8766067
66;3;1093;300000;52.3612861;4.9284541
80;3;1096;425000;52.3363412;4.9190299
40;2;1017;250000;52.3641851;4.8907747
108;3;1019;425000;52.3728583;4.9388278
122;3;1015;775000;52.3790928;4.885109
78;3;1025;200000;52.3996222;4.9369594
53;2;1072;295000;52.3522009;4.8903141
79;3;1073;560000;52.351928;4.896904
138;5;1096;1195000;52.3363412;4.9190299
135;4;1035;299500;52.4168952;4.9067666
70;4;1023;280000;52.3870802;4.9496855
84;4;1033;225000;52.4095854;4.8868895
123;5;1066;419000;52.3431932;4.817434
130;4;1060;299000;40.8046725;-73.9634204
168;5;1055;595000;52.3817073;4.8540225
71;4;1023;300000;52.3870802;4.9496855
113;4;1034;395000;52.4076495;4.9172724
93;4;1032;325000;52.395149;4.9162053
133;5;1060;365000;40.8046725;-73.9634204
89;4;1104;209000;52.3164474;4.9802023
84;4;1107;229500;52.2912462;4.9773243
95;5;1107;237500;52.2912462;4.9773243
105;5;1069;319000;52.3576375;4.7901227
86;4;1104;210000;52.3164474;4.9802023
86;4;1107;200000;52.2912462;4.9773243
96;4;1011;685000;52.3729762;4.9039565
100;5;1107;245000;52.2912462;4.9773243
102;3;1066;300000;52.3431932;4.817434
50;2;1054;298000;52.3612327;4.8653587
76;3;1059;450000;52.3460212;4.8461017
46;2;1091;289000;52.3565396;4.9143228
56;3;1079;337500;52.3421834;4.9067927
124;5;1058;425000;52.3583805;4.8494046
57;3;1058;340000;52.3583805;4.8494046
68;2;1069;210000;52.3576375;4.7901227
118;4;1014;650000;52.3923045;4.8558842
70;4;1061;255000;52.3730438;4.837568
56;3;1097;300000;52.3449297;4.9319025
192;7;1075;1390000;52.3515641;4.856651
85;3;1079;475000;52.3421834;4.9067927
120;4;1069;399000;52.3576375;4.7901227
79;4;1062;265000;52.3517216;4.8371533
124;4;1054;850000;52.3612327;4.8653587
124;4;1024;325000;52.3934948;4.9558257
45;2;1072;265000;52.3522009;4.8903141
40;2;1017;280000;52.3641851;4.8907747
71;3;1106;174000;52.3007124;4.9740506
52;3;1092;269000;52.358913;4.9213875
81;3;1079;499000;52.3421834;4.9067927
65;3;1019;325000;52.3728583;4.9388278
49;2;1054;350000;52.3612327;4.8653587
120;7;1098;635000;52.3511236;4.9482332
124;6;1058;650000;52.3583805;4.8494046
44;2;1033;170000;52.4095854;4.8868895
84;4;1098;425000;52.3511236;4.9482332
100;4;1051;500000;52.3797728;4.8686235
51;3;1073;299000;52.351928;4.896904
68;3;1082;320000;52.3314299;4.8766928
37;2;1097;179000;52.3449297;4.9319025
55;3;1075;335000;52.3515641;4.856651
51;2;1095;275000;52.359026;4.9611967
58;3;1063;225000;52.3815295;4.825779
32;2;1092;199000;52.358913;4.9213875
125;5;1072;875000;52.3522009;4.8903141
86;4;1056;449000;52.3732792;4.8544858
126;4;1011;750000;52.3729762;4.9039565
51;3;1071;350000;52.3559882;4.8778762
93;4;1069;275000;52.3576375;4.7901227
124;5;1052;845000;52.3768523;4.87475
149;6;1077;1200000;52.3435465;4.8738549
166;6;1018;975000;52.3683871;4.9180909
44;2;1052;250000;52.3768523;4.87475
83;2;1055;380000;52.3817073;4.8540225
34;2;1082;179000;52.3314299;4.8766928
94;3;1071;750000;52.3559882;4.8778762
57;3;1057;285000;52.3670713;4.8531117
51;2;1011;298000;52.3729762;4.9039565
145;5;1015;850000;52.3790928;4.885109
54;3;1056;250000;52.3732792;4.8544858
46;2;1073;300000;52.351928;4.896904
65;3;1051;325000;52.3797728;4.8686235
76;2;1083;325000;52.3297611;4.888615
50;2;1018;325000;52.3683871;4.9180909
84;3;1078;469000;52.3441217;4.8922031
78;3;1066;265000;52.3431932;4.817434
34;1;1018;215000;52.3683871;4.9180909
160;4;1081;995000;52.3337697;4.8522405
66;3;1093;375000;52.3612861;4.9284541
88;3;1017;600000;52.3641851;4.8907747
71;3;1072;485000;52.3522009;4.8903141
52;2;1092;325000;52.358913;4.9213875
68;3;1062;272883;52.3517216;4.8371533
109;4;1103;215000;52.3234207;4.9728948
113;4;1051;420000;52.3797728;4.8686235
69;3;1106;169500;52.3007124;4.9740506
75;3;1068;280000;52.3624004;4.8042058
57;2;1058;320000;52.3583805;4.8494046
87;4;1025;245000;52.3996222;4.9369594
235;5;1017;1900000;52.3641851;4.8907747
88;3;1017;750000;52.3641851;4.8907747
85;4;1071;695000;52.3559882;4.8778762
89;3;1019;442500;52.3728583;4.9388278
114;4;1059;549500;52.3460212;4.8461017
137;4;1077;850000;52.3435465;4.8738549
96;3;1076;415000;52.3440889;4.860684
78;4;1083;285000;52.3297611;4.888615
62;3;1069;175000;52.3576375;4.7901227
163;7;1058;979000;52.3583805;4.8494046
103;3;1072;515000;52.3522009;4.8903141
81;4;1019;375000;52.3728583;4.9388278
90;2;1012;540000;52.3733862;4.8940639
68;3;1018;380000;52.3683871;4.9180909
99;4;1057;485000;52.3670713;4.8531117
51;2;1074;249900;52.351518;4.90679
88;3;1019;375000;52.3728583;4.9388278
217;7;1077;1250000;52.3435465;4.8738549
93;4;1098;575000;52.3511236;4.9482332
84;4;1107;229500;52.2912462;4.9773243
85;4;1067;300000;52.3765795;4.7834602
60;4;1064;250000;52.3724594;4.8192201
84;4;1033;215000;52.4095854;4.8868895
115;4;1033;300000;52.4095854;4.8868895
105;4;1035;325000;52.4168952;4.9067666
118;5;1034;400000;52.4076495;4.9172724
155;5;1011;900000;52.3729762;4.9039565
152;5;1017;1250000;52.3641851;4.8907747
124;4;1069;335000;52.3576375;4.7901227
85;4;1019;395000;52.3728583;4.9388278
64;3;1052;399000;52.3768523;4.87475
95;4;1058;489000;52.3583805;4.8494046
72;3;1078;340000;52.3441217;4.8922031
125;4;1054;825000;52.3612327;4.8653587
100;3;1058;395000;52.3583805;4.8494046
51;2;1057;310000;52.3670713;4.8531117
71;2;1059;345000;52.3460212;4.8461017
104;4;1011;675000;52.3729762;4.9039565
95;4;1103;245000;52.3234207;4.9728948
58;3;1095;275000;52.359026;4.9611967
66;3;1054;425000;52.3612327;4.8653587
100;3;1078;500000;52.3441217;4.8922031
54;2;1054;325000;52.3612327;4.8653587
104;4;1018;437500;52.3683871;4.9180909
90;4;1079;449000;52.3421834;4.9067927
43;2;1102;139500;52.3135175;4.9547795
33;2;1092;199000;52.358913;4.9213875
89;3;1022;389000;40.8033203;-73.9639621
66;3;1058;479000;52.3583805;4.8494046
75;3;1034;200000;52.4076495;4.9172724
87;3;1018;475000;52.3683871;4.9180909
95;3;1054;625000;52.3612327;4.8653587
130;4;1082;439000;52.3314299;4.8766928
59;3;1075;335000;52.3515641;4.856651
83;3;1069;269000;52.3576375;4.7901227
138;4;1017;925011;52.3641851;4.8907747
63;3;1091;350000;52.3565396;4.9143228
56;3;1055;289000;52.3817073;4.8540225
93;4;1069;239000;52.3576375;4.7901227
83;3;1055;425000;52.3817073;4.8540225
168;5;1077;1250000;52.3435465;4.8738549
90;4;1091;425000;52.3565396;4.9143228
104;4;1018;439000;52.3683871;4.9180909
80;4;1057;500000;52.3670713;4.8531117
31;1;1091;185000;52.3565396;4.9143228
94;4;1034;215000;52.4076495;4.9172724
27;1;1094;175000;52.3636588;4.9355226
84;3;1052;489000;52.3768523;4.87475
97;3;1098;375000;52.3511236;4.9482332
67;3;1106;169500;52.3007124;4.9740506
74;4;1076;400000;52.3440889;4.860684
149;5;1017;850000;52.3641851;4.8907747
53;2;1093;320000;52.3612861;4.9284541
40;2;1062;166189;52.3517216;4.8371533
76;3;1095;300000;52.359026;4.9611967
108;4;1062;442076;52.3517216;4.8371533
140;6;1078;699000;52.3441217;4.8922031
74;3;1057;479000;52.3670713;4.8531117
51;3;1058;300000;52.3583805;4.8494046
92;4;1015;649000;52.3790928;4.885109
55;2;1016;375000;52.3711467;4.8837046
146;3;1055;600000;52.3817073;4.8540225
90;5;1075;499000;52.3515641;4.856651
170;6;1057;835000;52.3670713;4.8531117
94;4;1078;665000;52.3441217;4.8922031
104;4;1054;689000;52.3612327;4.8653587
47;2;1015;325000;52.3790928;4.885109
78;3;1075;475000;52.3515641;4.856651
64;2;1102;135000;52.3135175;4.9547795
85;2;1055;395000;52.3817073;4.8540225
83;2;1055;375000;52.3817073;4.8540225
83;2;1055;375000;52.3817073;4.8540225
95;4;1102;215000;52.3135175;4.9547795
170;3;1018;1175000;52.3683871;4.9180909
171;3;1018;1200000;52.3683871;4.9180909
199;3;1018;1325000;52.3683871;4.9180909
320;5;1018;1675000;52.3683871;4.9180909
85;2;1087;324500;52.3555895;5.0005613
164;5;1083;535000;52.3297611;4.888615
93;4;1076;545000;52.3440889;4.860684
73;3;1071;675000;52.3559882;4.8778762
300;5;1016;2995000;52.3711467;4.8837046
116;4;1032;400000;52.395149;4.9162053
52;3;1023;200000;52.3870802;4.9496855
59;3;1055;275000;52.3817073;4.8540225
156;5;1069;475000;52.3576375;4.7901227
71;3;1056;385000;52.3732792;4.8544858
169;2;1012;1595000;52.3733862;4.8940639
158;5;1013;795000;52.396789;4.8766067
109;4;1059;575000;52.3460212;4.8461017
81;3;1055;420000;52.3817073;4.8540225
82;4;1068;245000;52.3624004;4.8042058
130;4;1087;435000;52.3555895;5.0005613
48;3;1053;295000;52.3663937;4.8695863
76;3;1095;325000;52.359026;4.9611967
69;2;1012;604840;52.3733862;4.8940639
76;3;1051;360000;52.3797728;4.8686235
45;2;1017;320000;52.3641851;4.8907747
65;3;1091;365000;52.3565396;4.9143228
90;4;1067;300000;52.3765795;4.7834602
98;4;1104;225000;52.3164474;4.9802023
140;6;1068;450000;52.3624004;4.8042058
120;4;1083;450000;52.3297611;4.888615
42;2;1013;350000;52.396789;4.8766067
130;5;1068;275000;52.3624004;4.8042058
105;5;1067;299500;52.3765795;4.7834602
10;1;1056;68000;52.3732792;4.8544858
66;2;1025;209000;52.3996222;4.9369594
124;5;1058;425000;52.3583805;4.8494046
65;3;1054;450000;52.3612327;4.8653587
50;2;1052;250000;52.3768523;4.87475
69;3;1103;165000;52.3234207;4.9728948
98;4;1058;390000;52.3583805;4.8494046
48;2;1018;350000;52.3683871;4.9180909
59;2;1058;269000;52.3583805;4.8494046
42;4;1079;275000;52.3421834;4.9067927
138;5;1092;725000;52.358913;4.9213875
70;4;1055;289000;52.3817073;4.8540225
71;4;1079;299000;52.3421834;4.9067927
92;6;1058;449000;52.3583805;4.8494046
32;2;1057;200000;52.3670713;4.8531117
40;1;1082;220772;52.3314299;4.8766928
79;3;1103;185000;52.3234207;4.9728948
145;5;1017;1100000;52.3641851;4.8907747
56;2;1091;325000;52.3565396;4.9143228
62;3;1054;398000;52.3612327;4.8653587
40;1;1082;219042;52.3314299;4.8766928
41;1;1082;219907;52.3314299;4.8766928
36;1;1082;213593;52.3314299;4.8766928
33;1;1082;180648;52.3314299;4.8766928
100;4;1013;700000;52.396789;4.8766067
61;4;1075;429000;52.3515641;4.856651
49;2;1092;265000;52.358913;4.9213875
152;4;1017;845000;52.3641851;4.8907747
76;3;1011;525000;52.3729762;4.9039565
44;3;1011;325000;52.3729762;4.9039565
41;3;1051;240000;52.3797728;4.8686235
93;4;1098;475000;52.3511236;4.9482332
98;3;1021;299500;52.3834657;4.9173131
60;3;1032;275000;52.395149;4.9162053
64;3;1098;375000;52.3511236;4.9482332
70;4;1017;499000;52.3641851;4.8907747
83;2;1055;385000;52.3817073;4.8540225
89;2;1055;389000;52.3817073;4.8540225
83;3;1087;287500;52.3555895;5.0005613
147;8;1071;975000;52.3559882;4.8778762
171;3;1018;1125000;52.3683871;4.9180909
138;4;1018;1000000;52.3683871;4.9180909
84;3;1024;235000;52.3934948;4.9558257
155;4;1067;385000;52.3765795;4.7834602
93;4;1081;365000;52.3337697;4.8522405
71;2;1108;155000;52.3065615;4.9933607
28;1;1018;175000;52.3683871;4.9180909
35;1;1011;250000;52.3729762;4.9039565
49;2;1104;150000;52.3164474;4.9802023
100;5;1107;265000;52.2912462;4.9773243
126;7;1015;880000;52.3790928;4.885109
180;9;1077;1750000;52.3435465;4.8738549
24;2;1015;189000;52.3790928;4.885109
32;2;1012;250000;52.3733862;4.8940639
104;5;1058;645000;52.3583805;4.8494046
57;3;1058;349000;52.3583805;4.8494046
93;4;1081;399000;52.3337697;4.8522405
27;1;1094;185000;52.3636588;4.9355226
54;2;1059;250000;52.3460212;4.8461017
70;3;1055;329000;52.3817073;4.8540225
95;5;1079;617500;52.3421834;4.9067927
66;4;1054;425000;52.3612327;4.8653587
99;3;1058;600000;52.3583805;4.8494046
67;3;1058;435500;52.3583805;4.8494046
69;3;1057;365000;52.3670713;4.8531117
61;3;1059;335000;52.3460212;4.8461017
56;3;1055;245000;52.3817073;4.8540225
46;2;1055;212500;52.3817073;4.8540225
71;3;1102;199500;52.3135175;4.9547795
127;4;1072;829000;52.3522009;4.8903141
138;4;1018;1000000;52.3683871;4.9180909
50;2;1022;250000;40.8033203;-73.9639621
250;8;1098;1100000;52.3511236;4.9482332
255;4;1011;1000000;52.3729762;4.9039565
240;6;1096;1365094;52.3363412;4.9190299
71;3;1107;162000;52.2912462;4.9773243
74;3;1034;225000;52.4076495;4.9172724
51;2;1056;315000;52.3732792;4.8544858
110;4;1067;315000;52.3765795;4.7834602
46;2;1055;212500;52.3817073;4.8540225
56;2;1055;245000;52.3817073;4.8540225
126;5;1058;799000;52.3583805;4.8494046
74;3;1034;225000;52.4076495;4.9172724
71;3;1079;299000;52.3421834;4.9067927
52;2;1103;130000;52.3234207;4.9728948
70;3;1104;160000;52.3164474;4.9802023
221;7;1091;1650000;52.3565396;4.9143228
112;4;1077;700000;52.3435465;4.8738549
35;1;1082;195319;52.3314299;4.8766928
46;2;1055;212500;52.3817073;4.8540225
56;1;1055;245000;52.3817073;4.8540225
52;2;1015;475000;52.3790928;4.885109
95;3;1013;550000;52.396789;4.8766067
94;1;1098;350000;52.3511236;4.9482332
78;3;1031;425000;52.3903988;4.9020632
72;3;1031;400000;52.3903988;4.9020632
147;3;1014;1280000;52.3923045;4.8558842
51;2;1015;325000;52.3790928;4.885109
388;5;1071;5800000;52.3559882;4.8778762
258;0;1071;2150000;52.3559882;4.8778762
23;;1071;125000;52.3559882;4.8778762
400;0;1054;1500000;52.3612327;4.8653587
221;7;1096;1285609;52.3363412;4.9190299
371;5;1018;1750000;52.3683871;4.9180909
133;5;1067;Prijs op aanvraag;52.3765795;4.7834602
171;6;1035;865000;52.4168952;4.9067666
100;3;1019;650000;52.3728583;4.9388278
46;2;1031;285000;52.3903988;4.9020632
156;5;1018;650000;52.3683871;4.9180909
173;4;1023;870000;52.3870802;4.9496855
173;4;1023;985000;52.3870802;4.9496855
60;2;1067;350000;52.3765795;4.7834602
17;1;1055;119000;52.3817073;4.8540225
49;3;1054;340000;52.3612327;4.8653587
80;1;1023;275000;52.3870802;4.9496855
115;5;1017;650000;52.3641851;4.8907747
53;3;1031;320000;52.3903988;4.9020632
46;2;1031;285000;52.3903988;4.9020632
72;3;1031;400000;52.3903988;4.9020632
75;4;1061;350000;52.3730438;4.837568
18;;1065;39500;52.3560303;4.8296176
72;1;1031;400000;52.3903988;4.9020632
126;3;1014;1065000;52.3923045;4.8558842
51;3;1061;242500;52.3730438;4.837568
51;3;1061;240000;52.3730438;4.837568
235;4;1096;1547250;52.3363412;4.9190299
51;3;1061;240000;52.3730438;4.837568
37;2;1055;185000;52.3817073;4.8540225
135;4;1096;758289;52.3363412;4.9190299
120;4;1096;693554;52.3363412;4.9190299
250;1;1098;Prijs op aanvraag;52.3511236;4.9482332
51;3;1061;242500;52.3730438;4.837568
51;3;1061;242500;52.3730438;4.837568
51;3;1061;240000;52.3730438;4.837568
51;3;1061;242500;52.3730438;4.837568
51;3;1061;242500;52.3730438;4.837568
51;3;1061;240000;52.3730438;4.837568
153;6;1035;575000;52.4168952;4.9067666
136;4;1096;789697;52.3363412;4.9190299
136;4;1096;789697;52.3363412;4.9190299
51;3;1061;242500;52.3730438;4.837568
119;4;1096;710631;52.3363412;4.9190299
26;;1077;100000;52.3435465;4.8738549
185;5;1068;685000;52.3624004;4.8042058
107;3;1012;649000;52.3733862;4.8940639
120;5;1028;695000;40.803583;-73.963863
80;3;1028;495000;40.803583;-73.963863
90;3;1106;289000;52.3007124;4.9740506
90;4;1024;300000;52.3934948;4.9558257
80;2;1018;599000;52.3683871;4.9180909
73;3;1016;425000;52.3711467;4.8837046
110;5;1025;400000;52.3996222;4.9369594
374;7;1028;1500000;40.803583;-73.963863
136;7;1107;305000;52.2912462;4.9773243
33;1;1051;215000;52.3797728;4.8686235
112;5;1095;575000;52.359026;4.9611967
112;2;1072;699000;52.3522009;4.8903141
60;6;1095;475000;52.359026;4.9611967
68;3;1107;195000;52.2912462;4.9773243
71;2;1108;175000;52.3065615;4.9933607
104;5;1102;239990;52.3135175;4.9547795
45;2;1102;175000;52.3135175;4.9547795
65;2;1018;449000;52.3683871;4.9180909
39;2;1015;269000;52.3790928;4.885109
175;5;1066;589000;52.3431932;4.817434
80;2;1015;339000;52.3790928;4.885109
72;3;1107;190000;52.2912462;4.9773243
100;5;1067;325000;52.3765795;4.7834602
48;2;1074;247000;52.351518;4.90679
70;3;1019;350000;52.3728583;4.9388278
90;4;1081;399500;52.3337697;4.8522405
16;;1066;16000;52.3431932;4.817434
22;;1063;29500;52.3815295;4.825779
18;;1035;10000;52.4168952;4.9067666
45;1;1012;350000;52.3733862;4.8940639
10;;1013;28500;52.396789;4.8766067
10;;1034;29500;52.4076495;4.9172724
16;;1094;37500;52.3636588;4.9355226
4.262;;1056;29500;52.3732792;4.8544858
90;3;1091;440000;52.3565396;4.9143228
135;3;1011;985000;52.3729762;4.9039565
100;4;1087;390000;52.3555895;5.0005613
106;4;1082;525000;52.3314299;4.8766928
60;3;1055;299000;52.3817073;4.8540225
85;3;1067;235000;52.3765795;4.7834602
61;2;1106;150000;52.3007124;4.9740506
70;3;1091;350000;52.3565396;4.9143228
94;3;1102;295000;52.3135175;4.9547795
136;6;1098;675000;52.3511236;4.9482332
37;1;1094;215000;52.3636588;4.9355226
93;3;1081;360000;52.3337697;4.8522405
85;3;1081;Prijs op aanvraag;52.3337697;4.8522405
45;2;1053;259500;52.3663937;4.8695863
94;4;1068;325000;52.3624004;4.8042058
69;3;1108;179500;52.3065615;4.9933607
54;2;1072;310000;52.3522009;4.8903141
105;4;1021;425000;52.3834657;4.9173131
109;4;1103;215000;52.3234207;4.9728948
76;6;1104;185000;52.3164474;4.9802023
43;2;1013;319000;52.396789;4.8766067
73;3;1034;350000;52.4076495;4.9172724
115;4;1062;495000;52.3517216;4.8371533
128;3;1012;850000;52.3733862;4.8940639
45;2;1017;319000;52.3641851;4.8907747
43;2;1075;269000;52.3515641;4.856651
104;4;1059;650000;52.3460212;4.8461017
36;2;1053;210000;52.3663937;4.8695863
45;2;1092;220000;52.358913;4.9213875
51;2;1058;239500;52.3583805;4.8494046
44;2;1012;270000;52.3733862;4.8940639
43;2;1021;255000;52.3834657;4.9173131
50;2;1064;189000;52.3724594;4.8192201
90;3;1087;280000;52.3555895;5.0005613
90;3;1095;425000;52.359026;4.9611967
48;2;1094;215000;52.3636588;4.9355226
48;2;1094;232000;52.3636588;4.9355226
56;2;1068;197500;52.3624004;4.8042058
70;2;1069;197500;52.3576375;4.7901227
34;1;1055;174000;52.3817073;4.8540225
64;2;1025;235000;52.3996222;4.9369594
12;;1019;40000;52.3728583;4.9388278
12;;1019;40000;52.3728583;4.9388278
12;;1019;40000;52.3728583;4.9388278
12;;1019;40000;52.3728583;4.9388278
12;;1019;40000;52.3728583;4.9388278
64;2;1025;211000;52.3996222;4.9369594